brand,group_uid,final_status,detail,line_no
Brand Concepts,693aac0c-ab01-4cf1-b940-195013684f5b,Success,"[{'uid': 'f379d0c8-6608-4686-ae35-657c04a4d766', 'group_uid': '693aac0c-ab01-4cf1-b940-195013684f5b', 'role_uid': '1544916c-0ce0-4042-a8e5-6e18042c73b7', 'account_uid': '98859d74-26ad-46d3-ade7-c8bf260cd068'}, {'uid': '4a5a2131-aba7-416a-9898-c134ebb43bea', 'group_uid': '693aac0c-ab01-4cf1-b940-195013684f5b', 'role_uid': '9e7c812c-c063-4613-9776-31f635bd1c03', 'account_uid': '98859d74-26ad-46d3-ade7-c8bf260cd068'}, {'uid': '3357427c-c6e9-4010-8be5-e31ac2c2b7b7', 'group_uid': '693aac0c-ab01-4cf1-b940-195013684f5b', 'role_uid': '6948d8e6-eca6-4c12-9241-a47db34db467', 'account_uid': '98859d74-26ad-46d3-ade7-c8bf260cd068'}]",29
Cash Discount  Msix,50d20249-84c4-4920-8eed-c22ca38106ad,Success,"[{'uid': '12c26909-2d02-4915-a29f-7a0f664a2af6', 'group_uid': '50d20249-84c4-4920-8eed-c22ca38106ad', 'role_uid': '1544916c-0ce0-4042-a8e5-6e18042c73b7', 'account_uid': 'e032a2e7-4217-4e13-afa3-73553ae248bd'}, {'uid': 'caafd9b9-9fc4-4f80-8563-32875757fe55', 'group_uid': '50d20249-84c4-4920-8eed-c22ca38106ad', 'role_uid': '9e7c812c-c063-4613-9776-31f635bd1c03', 'account_uid': 'e032a2e7-4217-4e13-afa3-73553ae248bd'}, {'uid': '8c0b7998-68b8-426f-b73b-8e1f32c2c68a', 'group_uid': '50d20249-84c4-4920-8eed-c22ca38106ad', 'role_uid': '6948d8e6-eca6-4c12-9241-a47db34db467', 'account_uid': 'e032a2e7-4217-4e13-afa3-73553ae248bd'}]",35
Brakes,635a6e5b-c6e9-48a2-bb79-013b20a38712,Success,"[{'uid': '4d8dc79c-b408-4ba7-a70c-edd84bc86240', 'group_uid': '635a6e5b-c6e9-48a2-bb79-013b20a38712', 'role_uid': '1544916c-0ce0-4042-a8e5-6e18042c73b7', 'account_uid': '29383bd0-2517-4749-bb2b-f80dd00241bc'}, {'uid': '354de0cf-50ea-41f5-a445-efb0e31aa27e', 'group_uid': '635a6e5b-c6e9-48a2-bb79-013b20a38712', 'role_uid': '9e7c812c-c063-4613-9776-31f635bd1c03', 'account_uid': '29383bd0-2517-4749-bb2b-f80dd00241bc'}, {'uid': '1ac2764e-646b-49dd-a163-fe9b01f0e76d', 'group_uid': '635a6e5b-c6e9-48a2-bb79-013b20a38712', 'role_uid': '6948d8e6-eca6-4c12-9241-a47db34db467', 'account_uid': '29383bd0-2517-4749-bb2b-f80dd00241bc'}]",39
Brilloca,d372638e-8edf-4bd4-ba06-bca111732ee0,Success,"[{'uid': '54c4719d-589f-4738-b518-1880ea935a13', 'group_uid': 'd372638e-8edf-4bd4-ba06-bca111732ee0', 'role_uid': '1544916c-0ce0-4042-a8e5-6e18042c73b7', 'account_uid': '4f8f9224-4129-4850-bf25-11c97b497e89'}, {'uid': '1280d59e-fce7-4705-9e76-f55a02e9b107', 'group_uid': 'd372638e-8edf-4bd4-ba06-bca111732ee0', 'role_uid': '9e7c812c-c063-4613-9776-31f635bd1c03', 'account_uid': '4f8f9224-4129-4850-bf25-11c97b497e89'}, {'uid': 'bef34a31-d8d2-4b0b-afb3-a10178ef7c96', 'group_uid': 'd372638e-8edf-4bd4-ba06-bca111732ee0', 'role_uid': '6948d8e6-eca6-4c12-9241-a47db34db467', 'account_uid': '4f8f9224-4129-4850-bf25-11c97b497e89'}]",43
Brigade,eeb22a76-e7e6-462c-bded-ca4c611b5138,Success,"[{'uid': '1d467126-bf56-48d4-a41d-62f6e3387ebf', 'group_uid': 'eeb22a76-e7e6-462c-bded-ca4c611b5138', 'role_uid': '1544916c-0ce0-4042-a8e5-6e18042c73b7', 'account_uid': '4eaeec82-77a5-42fb-a6fd-188b918c6f30'}, {'uid': '3ef2a170-88af-4e60-a243-c6496ed8f22b', 'group_uid': 'eeb22a76-e7e6-462c-bded-ca4c611b5138', 'role_uid': '9e7c812c-c063-4613-9776-31f635bd1c03', 'account_uid': '4eaeec82-77a5-42fb-a6fd-188b918c6f30'}, {'uid': '0f2b843a-d284-4f1d-ab0f-c032bd3ccea3', 'group_uid': 'eeb22a76-e7e6-462c-bded-ca4c611b5138', 'role_uid': '6948d8e6-eca6-4c12-9241-a47db34db467', 'account_uid': '4eaeec82-77a5-42fb-a6fd-188b918c6f30'}]",47
Casio,96dcc18a-bf3f-449e-9e2c-4b6717a3e67f,Success,"[{'uid': '3eb02815-d61c-405d-9604-bc1eae202554', 'group_uid': '96dcc18a-bf3f-449e-9e2c-4b6717a3e67f', 'role_uid': '1544916c-0ce0-4042-a8e5-6e18042c73b7', 'account_uid': '55f0cd86-fd59-4873-8b1c-3eb747bbb54b'}, {'uid': 'c08d6d42-1c87-480e-8b58-2bfc5afe900b', 'group_uid': '96dcc18a-bf3f-449e-9e2c-4b6717a3e67f', 'role_uid': '9e7c812c-c063-4613-9776-31f635bd1c03', 'account_uid': '55f0cd86-fd59-4873-8b1c-3eb747bbb54b'}, {'uid': '96ccd954-4e45-49eb-ab36-192734033b93', 'group_uid': '96dcc18a-bf3f-449e-9e2c-4b6717a3e67f', 'role_uid': '6948d8e6-eca6-4c12-9241-a47db34db467', 'account_uid': '55f0cd86-fd59-4873-8b1c-3eb747bbb54b'}]",51
Care Health Insurance,22b1d4da-4487-4b3b-9483-f7336cdefa7b,Success,"[{'uid': '55e75e49-f394-40c3-96e1-f75d92291b9f', 'group_uid': '22b1d4da-4487-4b3b-9483-f7336cdefa7b', 'role_uid': '1544916c-0ce0-4042-a8e5-6e18042c73b7', 'account_uid': '390fc052-e2b4-40c3-9771-65ae64651049'}, {'uid': 'd366c615-4460-458f-ba0b-1c1ad8f1c05e', 'group_uid': '22b1d4da-4487-4b3b-9483-f7336cdefa7b', 'role_uid': '9e7c812c-c063-4613-9776-31f635bd1c03', 'account_uid': '390fc052-e2b4-40c3-9771-65ae64651049'}, {'uid': 'd10d2e68-120b-486e-9208-7a8d24dcadb4', 'group_uid': '22b1d4da-4487-4b3b-9483-f7336cdefa7b', 'role_uid': '6948d8e6-eca6-4c12-9241-a47db34db467', 'account_uid': '390fc052-e2b4-40c3-9771-65ae64651049'}]",55
Century Textiles & Industries,ac15d74a-2464-4e56-800d-1dde19c240a9,Success,"[{'uid': '6a0a57da-fb42-4ce5-bf1b-6e23db69f774', 'group_uid': 'ac15d74a-2464-4e56-800d-1dde19c240a9', 'role_uid': '1544916c-0ce0-4042-a8e5-6e18042c73b7', 'account_uid': '365d60de-036e-41ea-9a0b-4fe44ce87fcd'}, {'uid': 'eda9cf6b-bdd2-4af5-b812-62cedd2d9809', 'group_uid': 'ac15d74a-2464-4e56-800d-1dde19c240a9', 'role_uid': '9e7c812c-c063-4613-9776-31f635bd1c03', 'account_uid': '365d60de-036e-41ea-9a0b-4fe44ce87fcd'}, {'uid': '7430ad35-3b9a-4f86-992c-5dcaa8cdf056', 'group_uid': 'ac15d74a-2464-4e56-800d-1dde19c240a9', 'role_uid': '6948d8e6-eca6-4c12-9241-a47db34db467', 'account_uid': '365d60de-036e-41ea-9a0b-4fe44ce87fcd'}]",59
Cars24 Services,0942588b-b037-42f5-badc-7e30e604e64d,Success,"[{'uid': '34bb4cfe-a9dd-475a-812a-0c48de0d1656', 'group_uid': '0942588b-b037-42f5-badc-7e30e604e64d', 'role_uid': '1544916c-0ce0-4042-a8e5-6e18042c73b7', 'account_uid': '0cfae774-3aa4-4083-99e4-44f84e9ea29e'}, {'uid': '52ba8ff2-3aef-42b6-a9e9-1404e3ceafdc', 'group_uid': '0942588b-b037-42f5-badc-7e30e604e64d', 'role_uid': '9e7c812c-c063-4613-9776-31f635bd1c03', 'account_uid': '0cfae774-3aa4-4083-99e4-44f84e9ea29e'}, {'uid': '456c2ad4-0fbf-49ac-a240-f3ab7c2f1935', 'group_uid': '0942588b-b037-42f5-badc-7e30e604e64d', 'role_uid': '6948d8e6-eca6-4c12-9241-a47db34db467', 'account_uid': '0cfae774-3aa4-4083-99e4-44f84e9ea29e'}]",67
Cash Discount,0b51e238-fa55-4a77-b43d-7735e46048d1,Success,"[{'uid': '5ef85319-712e-470e-90ef-a19d0f9d2055', 'group_uid': '0b51e238-fa55-4a77-b43d-7735e46048d1', 'role_uid': '1544916c-0ce0-4042-a8e5-6e18042c73b7', 'account_uid': '9eb519c7-8759-4896-a0b1-1ca757cc4d7f'}, {'uid': '7f6bfef5-4dee-488a-aab4-9c30b4f9866e', 'group_uid': '0b51e238-fa55-4a77-b43d-7735e46048d1', 'role_uid': '9e7c812c-c063-4613-9776-31f635bd1c03', 'account_uid': '9eb519c7-8759-4896-a0b1-1ca757cc4d7f'}, {'uid': '7d3d4217-9eeb-417f-adca-74364289b955', 'group_uid': '0b51e238-fa55-4a77-b43d-7735e46048d1', 'role_uid': '6948d8e6-eca6-4c12-9241-a47db34db467', 'account_uid': '9eb519c7-8759-4896-a0b1-1ca757cc4d7f'}]",72
CG Power And Industrial Solutions,937e3c49-c207-4d41-93f7-341c0dece1fb,Success,"[{'uid': 'c9c4f846-18d2-4fd6-aba4-6993184c51b3', 'group_uid': '937e3c49-c207-4d41-93f7-341c0dece1fb', 'role_uid': '1544916c-0ce0-4042-a8e5-6e18042c73b7', 'account_uid': '6acd1923-c066-49c7-901d-b2a9c87bc49d'}, {'uid': '3195f229-7a26-4263-9e35-8e2ca40b0840', 'group_uid': '937e3c49-c207-4d41-93f7-341c0dece1fb', 'role_uid': '9e7c812c-c063-4613-9776-31f635bd1c03', 'account_uid': '6acd1923-c066-49c7-901d-b2a9c87bc49d'}, {'uid': 'b993d39e-85ab-4450-886c-55b0840b9d46', 'group_uid': '937e3c49-c207-4d41-93f7-341c0dece1fb', 'role_uid': '6948d8e6-eca6-4c12-9241-a47db34db467', 'account_uid': '6acd1923-c066-49c7-901d-b2a9c87bc49d'}]",76
Cipla,0042737c-1f0a-4d7e-b04b-2c07eb66ba44,Success,"[{'uid': '26eca113-5338-49f9-a909-cea7972337f0', 'group_uid': '0042737c-1f0a-4d7e-b04b-2c07eb66ba44', 'role_uid': '1544916c-0ce0-4042-a8e5-6e18042c73b7', 'account_uid': 'f5fc0d31-d50c-4d63-be3f-f2792ef33f29'}, {'uid': '3b030d3a-45b4-4b53-a8ae-31425670588b', 'group_uid': '0042737c-1f0a-4d7e-b04b-2c07eb66ba44', 'role_uid': '9e7c812c-c063-4613-9776-31f635bd1c03', 'account_uid': 'f5fc0d31-d50c-4d63-be3f-f2792ef33f29'}, {'uid': '9e4dedd5-dfd2-40a7-9859-4601c2a5c376', 'group_uid': '0042737c-1f0a-4d7e-b04b-2c07eb66ba44', 'role_uid': '6948d8e6-eca6-4c12-9241-a47db34db467', 'account_uid': 'f5fc0d31-d50c-4d63-be3f-f2792ef33f29'}]",85
Confirm Ticket Online Solutions,e0fec828-8b3d-4d42-9107-e7057965c911,Success,"[{'uid': '7deef74e-099b-4120-bfcb-4e906b8539a9', 'group_uid': 'e0fec828-8b3d-4d42-9107-e7057965c911', 'role_uid': '1544916c-0ce0-4042-a8e5-6e18042c73b7', 'account_uid': 'a303016d-1710-4b5d-9033-b434308dfaf2'}, {'uid': 'a9ca2cc4-0dc7-406c-894c-93202cec3c11', 'group_uid': 'e0fec828-8b3d-4d42-9107-e7057965c911', 'role_uid': '9e7c812c-c063-4613-9776-31f635bd1c03', 'account_uid': 'a303016d-1710-4b5d-9033-b434308dfaf2'}, {'uid': '68f8e2a8-8dee-442b-93d3-3581c8eed56a', 'group_uid': 'e0fec828-8b3d-4d42-9107-e7057965c911', 'role_uid': '6948d8e6-eca6-4c12-9241-a47db34db467', 'account_uid': 'a303016d-1710-4b5d-9033-b434308dfaf2'}]",89
Citius Tech Healthcare Technology,8a0898da-0bbb-4657-b9dc-4a3625469c6b,Success,"[{'uid': 'd97c9898-5ef3-4d1c-b009-6ccbdba26c94', 'group_uid': '8a0898da-0bbb-4657-b9dc-4a3625469c6b', 'role_uid': '1544916c-0ce0-4042-a8e5-6e18042c73b7', 'account_uid': '8f36e37a-32b7-40a9-a840-71b5cd8c5de9'}, {'uid': 'b9c2ec5a-cd2c-492e-a349-b47286eef142', 'group_uid': '8a0898da-0bbb-4657-b9dc-4a3625469c6b', 'role_uid': '9e7c812c-c063-4613-9776-31f635bd1c03', 'account_uid': '8f36e37a-32b7-40a9-a840-71b5cd8c5de9'}, {'uid': '733b6484-88c8-4851-850b-6cac7ccd774c', 'group_uid': '8a0898da-0bbb-4657-b9dc-4a3625469c6b', 'role_uid': '6948d8e6-eca6-4c12-9241-a47db34db467', 'account_uid': '8f36e37a-32b7-40a9-a840-71b5cd8c5de9'}]",93
CESC,47106140-5061-43ad-985c-abd251ab4ee6,Success,"[{'uid': '06263be9-9a1b-4594-8435-edfc0bb7ea10', 'group_uid': '47106140-5061-43ad-985c-abd251ab4ee6', 'role_uid': '1544916c-0ce0-4042-a8e5-6e18042c73b7', 'account_uid': 'eeb0c3ae-272f-4dfc-a1cd-30843c66991e'}, {'uid': '94baea3a-7c56-402f-a7e7-1057b9654ac6', 'group_uid': '47106140-5061-43ad-985c-abd251ab4ee6', 'role_uid': '9e7c812c-c063-4613-9776-31f635bd1c03', 'account_uid': 'eeb0c3ae-272f-4dfc-a1cd-30843c66991e'}, {'uid': '6510443b-2896-4ba4-a88a-391187de9db1', 'group_uid': '47106140-5061-43ad-985c-abd251ab4ee6', 'role_uid': '6948d8e6-eca6-4c12-9241-a47db34db467', 'account_uid': 'eeb0c3ae-272f-4dfc-a1cd-30843c66991e'}]",97
Devyani International,bd758469-3884-44ad-8dca-6b67b13e023d,Success,"[{'uid': '249beeec-6b3d-440f-9ce4-d2fa0a92e39b', 'group_uid': 'bd758469-3884-44ad-8dca-6b67b13e023d', 'role_uid': '1544916c-0ce0-4042-a8e5-6e18042c73b7', 'account_uid': '1b271c17-19f7-47d3-aa6f-cac8ebf810d2'}, {'uid': '84e1129a-7a56-4dff-a318-93041a203c2b', 'group_uid': 'bd758469-3884-44ad-8dca-6b67b13e023d', 'role_uid': '9e7c812c-c063-4613-9776-31f635bd1c03', 'account_uid': '1b271c17-19f7-47d3-aa6f-cac8ebf810d2'}, {'uid': '07390a54-9692-4708-ace5-38a64f1f3d9e', 'group_uid': 'bd758469-3884-44ad-8dca-6b67b13e023d', 'role_uid': '6948d8e6-eca6-4c12-9241-a47db34db467', 'account_uid': '1b271c17-19f7-47d3-aa6f-cac8ebf810d2'}]",101
Chalo Mobility,571c8c80-a7fa-425d-98ef-26dc5b5f6bfd,Success,"[{'uid': '5824fa0a-ad23-4484-8938-fdc83a31f90e', 'group_uid': '571c8c80-a7fa-425d-98ef-26dc5b5f6bfd', 'role_uid': '1544916c-0ce0-4042-a8e5-6e18042c73b7', 'account_uid': 'b7fe7e7a-dddc-4daf-ad4d-ce615dd10db1'}, {'uid': 'b55cd756-adc0-4ec5-9442-01a09b5fe294', 'group_uid': '571c8c80-a7fa-425d-98ef-26dc5b5f6bfd', 'role_uid': '9e7c812c-c063-4613-9776-31f635bd1c03', 'account_uid': 'b7fe7e7a-dddc-4daf-ad4d-ce615dd10db1'}, {'uid': '9ecdeb87-31a9-4579-a111-612968977bc9', 'group_uid': '571c8c80-a7fa-425d-98ef-26dc5b5f6bfd', 'role_uid': '6948d8e6-eca6-4c12-9241-a47db34db467', 'account_uid': 'b7fe7e7a-dddc-4daf-ad4d-ce615dd10db1'}]",105
Cropnosys India,3870f206-c3e7-4aef-b998-4f54f1ec9e89,Success,"[{'uid': '0f702658-1ed0-4d85-9f26-7fa49b5f1ed5', 'group_uid': '3870f206-c3e7-4aef-b998-4f54f1ec9e89', 'role_uid': '1544916c-0ce0-4042-a8e5-6e18042c73b7', 'account_uid': 'e5f024cc-767a-4360-add8-c2468d9ded03'}, {'uid': 'f25757e0-3cc9-44f7-9845-8436c71779e9', 'group_uid': '3870f206-c3e7-4aef-b998-4f54f1ec9e89', 'role_uid': '9e7c812c-c063-4613-9776-31f635bd1c03', 'account_uid': 'e5f024cc-767a-4360-add8-c2468d9ded03'}, {'uid': 'b102978a-de7a-4a67-a91e-2930fb5e3688', 'group_uid': '3870f206-c3e7-4aef-b998-4f54f1ec9e89', 'role_uid': '6948d8e6-eca6-4c12-9241-a47db34db467', 'account_uid': 'e5f024cc-767a-4360-add8-c2468d9ded03'}]",115
Cultgear,86099438-071e-49c4-a4d8-eac6a81fbac5,Success,"[{'uid': 'fbafc059-07e0-458f-94ca-cb8cc3489344', 'group_uid': '86099438-071e-49c4-a4d8-eac6a81fbac5', 'role_uid': '1544916c-0ce0-4042-a8e5-6e18042c73b7', 'account_uid': 'c7f56c46-49d2-430b-82ad-e842b5fbd9a4'}, {'uid': '69fc3e50-ed12-4688-86ab-96969af3b607', 'group_uid': '86099438-071e-49c4-a4d8-eac6a81fbac5', 'role_uid': '9e7c812c-c063-4613-9776-31f635bd1c03', 'account_uid': 'c7f56c46-49d2-430b-82ad-e842b5fbd9a4'}, {'uid': '9c67675b-81c6-4091-bee3-c6da8af3d9cc', 'group_uid': '86099438-071e-49c4-a4d8-eac6a81fbac5', 'role_uid': '6948d8e6-eca6-4c12-9241-a47db34db467', 'account_uid': 'c7f56c46-49d2-430b-82ad-e842b5fbd9a4'}]",119
D B Corp,2da9f6db-8e48-4d90-bc84-d42419418d2f,Success,"[{'uid': '14013c66-8809-462a-bdca-d3bf4a64aed6', 'group_uid': '2da9f6db-8e48-4d90-bc84-d42419418d2f', 'role_uid': '1544916c-0ce0-4042-a8e5-6e18042c73b7', 'account_uid': '822ba2d9-ac41-4788-bfc2-b062472747ed'}, {'uid': '99fdf265-88c6-4f04-90ac-c7f84ba5c96f', 'group_uid': '2da9f6db-8e48-4d90-bc84-d42419418d2f', 'role_uid': '9e7c812c-c063-4613-9776-31f635bd1c03', 'account_uid': '822ba2d9-ac41-4788-bfc2-b062472747ed'}, {'uid': '62eb4c20-58f9-4412-99df-69aeb3e258dd', 'group_uid': '2da9f6db-8e48-4d90-bc84-d42419418d2f', 'role_uid': '6948d8e6-eca6-4c12-9241-a47db34db467', 'account_uid': '822ba2d9-ac41-4788-bfc2-b062472747ed'}]",125
Crunchyroll,2ed332c7-7c85-4a97-a7ac-ed1c0b2a0972,Success,"[{'uid': '533e80b0-62d3-4c99-bd40-a3a2ddb653b9', 'group_uid': '2ed332c7-7c85-4a97-a7ac-ed1c0b2a0972', 'role_uid': '1544916c-0ce0-4042-a8e5-6e18042c73b7', 'account_uid': '62ce27ed-5670-4f46-af79-4451cfac887b'}, {'uid': '1379b0b8-d4f2-460f-9ec5-5aeec4cd8a63', 'group_uid': '2ed332c7-7c85-4a97-a7ac-ed1c0b2a0972', 'role_uid': '9e7c812c-c063-4613-9776-31f635bd1c03', 'account_uid': '62ce27ed-5670-4f46-af79-4451cfac887b'}, {'uid': '6a5d7793-42db-4319-bb69-c774d7bff05e', 'group_uid': '2ed332c7-7c85-4a97-a7ac-ed1c0b2a0972', 'role_uid': '6948d8e6-eca6-4c12-9241-a47db34db467', 'account_uid': '62ce27ed-5670-4f46-af79-4451cfac887b'}]",129
Cholamandalam,7de1cc14-35da-4996-9fc3-f7a1512ba887,Success,"[{'uid': '4721e4a0-f691-4c36-b6c3-b43cd6a746f4', 'group_uid': '7de1cc14-35da-4996-9fc3-f7a1512ba887', 'role_uid': '1544916c-0ce0-4042-a8e5-6e18042c73b7', 'account_uid': '7f381e78-7b34-480b-9908-5198f9d425e7'}, {'uid': '43fd1f6d-5560-42b1-8f65-69b55065933d', 'group_uid': '7de1cc14-35da-4996-9fc3-f7a1512ba887', 'role_uid': '9e7c812c-c063-4613-9776-31f635bd1c03', 'account_uid': '7f381e78-7b34-480b-9908-5198f9d425e7'}, {'uid': '0603623b-7e8d-4688-ab33-0dcea9538f96', 'group_uid': '7de1cc14-35da-4996-9fc3-f7a1512ba887', 'role_uid': '6948d8e6-eca6-4c12-9241-a47db34db467', 'account_uid': '7f381e78-7b34-480b-9908-5198f9d425e7'}]",133
Dabur,4834f0ce-84f1-43aa-b54c-8969c0391e5a,Success,"[{'uid': 'ab6fd0d8-813d-48bc-b007-be6b64abacc1', 'group_uid': '4834f0ce-84f1-43aa-b54c-8969c0391e5a', 'role_uid': '1544916c-0ce0-4042-a8e5-6e18042c73b7', 'account_uid': '76e11369-aaab-45fa-9361-c3c7d53a0bae'}, {'uid': 'a9f4db11-38e1-49b3-b396-4af6ca3b27ab', 'group_uid': '4834f0ce-84f1-43aa-b54c-8969c0391e5a', 'role_uid': '9e7c812c-c063-4613-9776-31f635bd1c03', 'account_uid': '76e11369-aaab-45fa-9361-c3c7d53a0bae'}, {'uid': '87308224-fda4-4b40-9e52-0df0314c2d7c', 'group_uid': '4834f0ce-84f1-43aa-b54c-8969c0391e5a', 'role_uid': '6948d8e6-eca6-4c12-9241-a47db34db467', 'account_uid': '76e11369-aaab-45fa-9361-c3c7d53a0bae'}]",137
DCB,33ab3546-1454-4cee-b8f2-2a8c062aa97a,Success,"[{'uid': 'b31ebb3f-897c-4d8f-aade-ba5e16ea7ea9', 'group_uid': '33ab3546-1454-4cee-b8f2-2a8c062aa97a', 'role_uid': '1544916c-0ce0-4042-a8e5-6e18042c73b7', 'account_uid': '74c97397-6a28-42be-aa2f-67c051f41e48'}, {'uid': '1fe9a2bf-1070-4929-b0b5-cb1c71944c0d', 'group_uid': '33ab3546-1454-4cee-b8f2-2a8c062aa97a', 'role_uid': '9e7c812c-c063-4613-9776-31f635bd1c03', 'account_uid': '74c97397-6a28-42be-aa2f-67c051f41e48'}, {'uid': '06d52b25-2ec7-4c5c-be70-575dcfdf6ea9', 'group_uid': '33ab3546-1454-4cee-b8f2-2a8c062aa97a', 'role_uid': '6948d8e6-eca6-4c12-9241-a47db34db467', 'account_uid': '74c97397-6a28-42be-aa2f-67c051f41e48'}]",139
Diamond Producers Association Esv,9f2eda40-1baf-4a4a-a8b0-377666587c8e,Success,"[{'uid': '3482ef8c-e251-4888-8467-0dc307ee5430', 'group_uid': '9f2eda40-1baf-4a4a-a8b0-377666587c8e', 'role_uid': '1544916c-0ce0-4042-a8e5-6e18042c73b7', 'account_uid': '8a014b75-e554-4df9-a64c-b7f50d6746a1'}, {'uid': '054ac47b-4e53-4ffe-831d-bd890a3ba44a', 'group_uid': '9f2eda40-1baf-4a4a-a8b0-377666587c8e', 'role_uid': '9e7c812c-c063-4613-9776-31f635bd1c03', 'account_uid': '8a014b75-e554-4df9-a64c-b7f50d6746a1'}, {'uid': 'd64a4125-a1e4-4fcb-b561-ba719a1cf659', 'group_uid': '9f2eda40-1baf-4a4a-a8b0-377666587c8e', 'role_uid': '6948d8e6-eca6-4c12-9241-a47db34db467', 'account_uid': '8a014b75-e554-4df9-a64c-b7f50d6746a1'}]",143
Dabur,a055dc6e-90e0-4631-9255-dc7c2d586eff,Success,"[{'uid': 'ff331606-d6f9-4a84-8104-7d968474102f', 'group_uid': 'a055dc6e-90e0-4631-9255-dc7c2d586eff', 'role_uid': '1544916c-0ce0-4042-a8e5-6e18042c73b7', 'account_uid': '76e11369-aaab-45fa-9361-c3c7d53a0bae'}, {'uid': 'b5d140cb-d6bf-44b0-9d2b-12c972e0204c', 'group_uid': 'a055dc6e-90e0-4631-9255-dc7c2d586eff', 'role_uid': '9e7c812c-c063-4613-9776-31f635bd1c03', 'account_uid': '76e11369-aaab-45fa-9361-c3c7d53a0bae'}, {'uid': 'aaad6800-16c5-4647-8d56-2bca0f2d6bc4', 'group_uid': 'a055dc6e-90e0-4631-9255-dc7c2d586eff', 'role_uid': '6948d8e6-eca6-4c12-9241-a47db34db467', 'account_uid': '76e11369-aaab-45fa-9361-c3c7d53a0bae'}]",148
Digital Rebate,bf5bfe92-82af-41fb-a711-5af647e574b4,Success,"[{'uid': '6ec8a0b4-5462-44fb-a06c-c6dd30c437d7', 'group_uid': 'bf5bfe92-82af-41fb-a711-5af647e574b4', 'role_uid': '1544916c-0ce0-4042-a8e5-6e18042c73b7', 'account_uid': 'd836bde3-a859-47c7-857c-8396ddc06629'}, {'uid': '4c289029-d837-44a1-9075-c01b110f12ca', 'group_uid': 'bf5bfe92-82af-41fb-a711-5af647e574b4', 'role_uid': '9e7c812c-c063-4613-9776-31f635bd1c03', 'account_uid': 'd836bde3-a859-47c7-857c-8396ddc06629'}, {'uid': '3c3aa1cd-aea4-425f-b70b-77722b794370', 'group_uid': 'bf5bfe92-82af-41fb-a711-5af647e574b4', 'role_uid': '6948d8e6-eca6-4c12-9241-a47db34db467', 'account_uid': 'd836bde3-a859-47c7-857c-8396ddc06629'}]",153
Dollar Industries,8cb7976a-f1db-48ea-948f-72b3764e9ef3,Success,"[{'uid': '4eb70636-f436-4481-8c75-6cb813e8125e', 'group_uid': '8cb7976a-f1db-48ea-948f-72b3764e9ef3', 'role_uid': '1544916c-0ce0-4042-a8e5-6e18042c73b7', 'account_uid': 'a253279b-3e46-45a9-b8b7-bedc012bc224'}, {'uid': '3be445f2-5f29-4976-92d6-a71eafae0ff8', 'group_uid': '8cb7976a-f1db-48ea-948f-72b3764e9ef3', 'role_uid': '9e7c812c-c063-4613-9776-31f635bd1c03', 'account_uid': 'a253279b-3e46-45a9-b8b7-bedc012bc224'}, {'uid': 'f95e4703-a9da-48e7-bdd2-dc01e5a23aef', 'group_uid': '8cb7976a-f1db-48ea-948f-72b3764e9ef3', 'role_uid': '6948d8e6-eca6-4c12-9241-a47db34db467', 'account_uid': 'a253279b-3e46-45a9-b8b7-bedc012bc224'}]",157
Dpka Universal Consumer Ventures,196e9709-0345-4641-a156-c0a4bfa34118,Success,"[{'uid': '1e5e5f51-570e-410c-8019-6928d99763c1', 'group_uid': '196e9709-0345-4641-a156-c0a4bfa34118', 'role_uid': '1544916c-0ce0-4042-a8e5-6e18042c73b7', 'account_uid': 'e53f9db9-7858-4e0a-9ac4-17c69c3ffd40'}, {'uid': '18eef36f-b227-4399-b9ec-8b8b394f6480', 'group_uid': '196e9709-0345-4641-a156-c0a4bfa34118', 'role_uid': '9e7c812c-c063-4613-9776-31f635bd1c03', 'account_uid': 'e53f9db9-7858-4e0a-9ac4-17c69c3ffd40'}, {'uid': '7f976453-ff7f-43c1-847f-dd6841a89c5d', 'group_uid': '196e9709-0345-4641-a156-c0a4bfa34118', 'role_uid': '6948d8e6-eca6-4c12-9241-a47db34db467', 'account_uid': 'e53f9db9-7858-4e0a-9ac4-17c69c3ffd40'}]",163
Dr Willmar Schwabe,829f160b-3920-4347-a167-9cf3aca51803,Success,"[{'uid': '58f49705-576c-428f-9442-5b23d5a4cbff', 'group_uid': '829f160b-3920-4347-a167-9cf3aca51803', 'role_uid': '1544916c-0ce0-4042-a8e5-6e18042c73b7', 'account_uid': '9cde19b8-3598-457f-9563-b643807464b3'}, {'uid': 'a946c1ec-5a1a-424d-b0a0-c82602188e06', 'group_uid': '829f160b-3920-4347-a167-9cf3aca51803', 'role_uid': '9e7c812c-c063-4613-9776-31f635bd1c03', 'account_uid': '9cde19b8-3598-457f-9563-b643807464b3'}, {'uid': '85a9ca9a-8c10-4948-a5d0-3e0c9227de6e', 'group_uid': '829f160b-3920-4347-a167-9cf3aca51803', 'role_uid': '6948d8e6-eca6-4c12-9241-a47db34db467', 'account_uid': '9cde19b8-3598-457f-9563-b643807464b3'}]",169
Dr Agarwals,b8f94ce6-6297-4dce-a8d2-c4381a4b5d7d,Success,"[{'uid': 'bde1d6bd-0fca-424b-bbd7-add4deb645b0', 'group_uid': 'b8f94ce6-6297-4dce-a8d2-c4381a4b5d7d', 'role_uid': '1544916c-0ce0-4042-a8e5-6e18042c73b7', 'account_uid': '8c4869f5-5707-4c78-b9c3-138e4785758d'}, {'uid': '23a44d58-e6a5-4712-961f-bd75cfd6147f', 'group_uid': 'b8f94ce6-6297-4dce-a8d2-c4381a4b5d7d', 'role_uid': '9e7c812c-c063-4613-9776-31f635bd1c03', 'account_uid': '8c4869f5-5707-4c78-b9c3-138e4785758d'}, {'uid': 'a81b6562-84f7-4ed9-89fe-6bb9687be8ad', 'group_uid': 'b8f94ce6-6297-4dce-a8d2-c4381a4b5d7d', 'role_uid': '6948d8e6-eca6-4c12-9241-a47db34db467', 'account_uid': '8c4869f5-5707-4c78-b9c3-138e4785758d'}]",174
Dr.D.Y.Patil Vidyapeeth Centre For Online Learning,57e4a2a9-002d-4970-bb5b-d13ecc2b1b68,Success,"[{'uid': 'a1685af2-6c96-496b-ab68-c9486ef77ccb', 'group_uid': '57e4a2a9-002d-4970-bb5b-d13ecc2b1b68', 'role_uid': '1544916c-0ce0-4042-a8e5-6e18042c73b7', 'account_uid': 'fb7bf0ee-31b4-4c95-86f8-799b8524630e'}, {'uid': 'd4445a91-e20a-4c15-942a-11471a7965b1', 'group_uid': '57e4a2a9-002d-4970-bb5b-d13ecc2b1b68', 'role_uid': '9e7c812c-c063-4613-9776-31f635bd1c03', 'account_uid': 'fb7bf0ee-31b4-4c95-86f8-799b8524630e'}, {'uid': 'e8e8d9a7-d017-49b8-9714-08167dd4f952', 'group_uid': '57e4a2a9-002d-4970-bb5b-d13ecc2b1b68', 'role_uid': '6948d8e6-eca6-4c12-9241-a47db34db467', 'account_uid': 'fb7bf0ee-31b4-4c95-86f8-799b8524630e'}]",178
Eastern Condiments,ad23ad98-1ef1-492e-b08c-b7af63a30c5d,Success,"[{'uid': 'dc0c506e-c8e6-4ec6-8b56-09ba972853c0', 'group_uid': 'ad23ad98-1ef1-492e-b08c-b7af63a30c5d', 'role_uid': '1544916c-0ce0-4042-a8e5-6e18042c73b7', 'account_uid': 'c67d83f7-2124-4d9a-b606-a9551106605c'}, {'uid': 'e54e3c2f-0b37-4a67-a6ef-4b82651d0bf4', 'group_uid': 'ad23ad98-1ef1-492e-b08c-b7af63a30c5d', 'role_uid': '9e7c812c-c063-4613-9776-31f635bd1c03', 'account_uid': 'c67d83f7-2124-4d9a-b606-a9551106605c'}, {'uid': '8a0b9967-9d35-4465-9852-38fd682b4fc6', 'group_uid': 'ad23ad98-1ef1-492e-b08c-b7af63a30c5d', 'role_uid': '6948d8e6-eca6-4c12-9241-a47db34db467', 'account_uid': 'c67d83f7-2124-4d9a-b606-a9551106605c'}]",185
Duroflex,558fdc3b-feb1-4aa5-bc4c-848e294b3dc5,Success,"[{'uid': 'cf8ca068-85c1-448b-bea4-2c3198ce91ec', 'group_uid': '558fdc3b-feb1-4aa5-bc4c-848e294b3dc5', 'role_uid': '1544916c-0ce0-4042-a8e5-6e18042c73b7', 'account_uid': '672a06a9-2c49-4afb-964f-98baf3c63579'}, {'uid': '48493709-43e7-4005-bf6e-35c7b236675e', 'group_uid': '558fdc3b-feb1-4aa5-bc4c-848e294b3dc5', 'role_uid': '9e7c812c-c063-4613-9776-31f635bd1c03', 'account_uid': '672a06a9-2c49-4afb-964f-98baf3c63579'}, {'uid': 'efe5839a-affd-4eea-96f4-b9f52a6973e1', 'group_uid': '558fdc3b-feb1-4aa5-bc4c-848e294b3dc5', 'role_uid': '6948d8e6-eca6-4c12-9241-a47db34db467', 'account_uid': '672a06a9-2c49-4afb-964f-98baf3c63579'}]",188
DS Intellectual Properties,e3bf8741-0256-43cf-bbe0-cb2284e5bc69,Success,"[{'uid': 'f36cac2c-d58c-40fd-80e3-426d59de4d66', 'group_uid': 'e3bf8741-0256-43cf-bbe0-cb2284e5bc69', 'role_uid': '1544916c-0ce0-4042-a8e5-6e18042c73b7', 'account_uid': '85bc66d9-4843-4d98-9cc1-35e228ac2faa'}, {'uid': '0fee688b-ea1e-4508-a339-bf53816dcdfd', 'group_uid': 'e3bf8741-0256-43cf-bbe0-cb2284e5bc69', 'role_uid': '9e7c812c-c063-4613-9776-31f635bd1c03', 'account_uid': '85bc66d9-4843-4d98-9cc1-35e228ac2faa'}, {'uid': '94c2fa18-36ee-45a6-8065-dddfd66e7211', 'group_uid': 'e3bf8741-0256-43cf-bbe0-cb2284e5bc69', 'role_uid': '6948d8e6-eca6-4c12-9241-a47db34db467', 'account_uid': '85bc66d9-4843-4d98-9cc1-35e228ac2faa'}]",190
Dream11 Fantasy,555d1d97-9451-49d8-b670-ea605d898f6e,Success,"[{'uid': 'a826b7d2-0c70-46cd-b6c1-ff1baa1c5db2', 'group_uid': '555d1d97-9451-49d8-b670-ea605d898f6e', 'role_uid': '1544916c-0ce0-4042-a8e5-6e18042c73b7', 'account_uid': 'cbfde1cc-dcd8-4682-a94d-25a840a6418d'}, {'uid': '142f0754-cb5d-4fce-aa70-1b370996a953', 'group_uid': '555d1d97-9451-49d8-b670-ea605d898f6e', 'role_uid': '9e7c812c-c063-4613-9776-31f635bd1c03', 'account_uid': 'cbfde1cc-dcd8-4682-a94d-25a840a6418d'}, {'uid': '4fbc2a59-a00a-4856-8aa4-2a78d9fa1ebb', 'group_uid': '555d1d97-9451-49d8-b670-ea605d898f6e', 'role_uid': '6948d8e6-eca6-4c12-9241-a47db34db467', 'account_uid': 'cbfde1cc-dcd8-4682-a94d-25a840a6418d'}]",198
Embassy Of Usa C/O - Jhpiego Corporation,461184ce-38cc-4f0f-a6da-2d0e77673e11,Success,"[{'uid': 'd6401687-0bbf-4725-a05d-9621fac54b4a', 'group_uid': '461184ce-38cc-4f0f-a6da-2d0e77673e11', 'role_uid': '1544916c-0ce0-4042-a8e5-6e18042c73b7', 'account_uid': 'bacb0464-852d-4e63-9a69-0fbf0fde36f3'}, {'uid': '28907792-dc8c-45ba-9447-3dbec4f7f6d2', 'group_uid': '461184ce-38cc-4f0f-a6da-2d0e77673e11', 'role_uid': '9e7c812c-c063-4613-9776-31f635bd1c03', 'account_uid': 'bacb0464-852d-4e63-9a69-0fbf0fde36f3'}, {'uid': '6674d147-fb11-4c49-80e9-ef8b58db0ce1', 'group_uid': '461184ce-38cc-4f0f-a6da-2d0e77673e11', 'role_uid': '6948d8e6-eca6-4c12-9241-a47db34db467', 'account_uid': 'bacb0464-852d-4e63-9a69-0fbf0fde36f3'}]",204
Eenadu Television,afe391c4-528a-4631-a112-5c2e4fe73ae2,Success,"[{'uid': '8f460a25-cc38-424e-b117-a9c21093faae', 'group_uid': 'afe391c4-528a-4631-a112-5c2e4fe73ae2', 'role_uid': '1544916c-0ce0-4042-a8e5-6e18042c73b7', 'account_uid': 'd1a9f315-091b-4467-a9ce-47f5a6adaf3c'}, {'uid': '8f6c199f-eed8-4e20-8506-b4b49bb8232b', 'group_uid': 'afe391c4-528a-4631-a112-5c2e4fe73ae2', 'role_uid': '9e7c812c-c063-4613-9776-31f635bd1c03', 'account_uid': 'd1a9f315-091b-4467-a9ce-47f5a6adaf3c'}, {'uid': '17b40193-8916-4804-94ed-141750547acf', 'group_uid': 'afe391c4-528a-4631-a112-5c2e4fe73ae2', 'role_uid': '6948d8e6-eca6-4c12-9241-a47db34db467', 'account_uid': 'd1a9f315-091b-4467-a9ce-47f5a6adaf3c'}]",208
EPX Uptech,acae66ce-9e58-4da3-b192-359da1251b41,Success,"[{'uid': '6f37b949-84a1-494f-8a1c-e07a1f65a033', 'group_uid': 'acae66ce-9e58-4da3-b192-359da1251b41', 'role_uid': '1544916c-0ce0-4042-a8e5-6e18042c73b7', 'account_uid': 'd5019e8a-1f34-4cfe-a3f2-3528ca6ca0e7'}, {'uid': '594fb444-cc4b-4b54-b372-2f05920285ad', 'group_uid': 'acae66ce-9e58-4da3-b192-359da1251b41', 'role_uid': '9e7c812c-c063-4613-9776-31f635bd1c03', 'account_uid': 'd5019e8a-1f34-4cfe-a3f2-3528ca6ca0e7'}, {'uid': '4c6cac79-09e3-48f9-9333-b2c5743190f6', 'group_uid': 'acae66ce-9e58-4da3-b192-359da1251b41', 'role_uid': '6948d8e6-eca6-4c12-9241-a47db34db467', 'account_uid': 'd5019e8a-1f34-4cfe-a3f2-3528ca6ca0e7'}]",215
Eastern Condiments,c18c3035-57ad-4b54-ae01-55db2af5b244,422 - Already Exists,"❌ Failed to patch roles for existing group c18c3035-57ad-4b54-ae01-55db2af5b244: Patch roles failed: 422 - {""code"":422,""message"":""Item with (group_id, role_id, account_id)=(c18c3035-57ad-4b54-ae01-55db2af5b244, 1544916c-0ce0-4042-a8e5-6e18042c73b7, c67d83f7-2124-4d9a-b606-a9551106605c) already exists""}",220
ESPN Digital Media,eab51f4b-a4f7-4f79-8f9d-58299e40fbc2,Success,"[{'uid': 'a2894546-4cc9-4b1d-b58c-fed9c3d132b9', 'group_uid': 'eab51f4b-a4f7-4f79-8f9d-58299e40fbc2', 'role_uid': '1544916c-0ce0-4042-a8e5-6e18042c73b7', 'account_uid': '85f9e1f8-e51a-4271-9ff9-6dd32b26a73f'}, {'uid': 'fbc09c36-a000-4417-a284-900506a9366d', 'group_uid': 'eab51f4b-a4f7-4f79-8f9d-58299e40fbc2', 'role_uid': '9e7c812c-c063-4613-9776-31f635bd1c03', 'account_uid': '85f9e1f8-e51a-4271-9ff9-6dd32b26a73f'}, {'uid': 'c64866ba-029a-400b-bafc-bef6e72d35a2', 'group_uid': 'eab51f4b-a4f7-4f79-8f9d-58299e40fbc2', 'role_uid': '6948d8e6-eca6-4c12-9241-a47db34db467', 'account_uid': '85f9e1f8-e51a-4271-9ff9-6dd32b26a73f'}]",224
Espresso Financial Services,2ca57fd8-f95f-49a4-a6a9-734434404b66,Success,"[{'uid': 'd537a5fa-db3e-430c-ba94-7d07737a40ea', 'group_uid': '2ca57fd8-f95f-49a4-a6a9-734434404b66', 'role_uid': '1544916c-0ce0-4042-a8e5-6e18042c73b7', 'account_uid': '9317b0f6-cc5a-431e-bd3f-7fd04cc3a2ff'}, {'uid': '731928e3-0c6b-4011-89ef-84445135f693', 'group_uid': '2ca57fd8-f95f-49a4-a6a9-734434404b66', 'role_uid': '9e7c812c-c063-4613-9776-31f635bd1c03', 'account_uid': '9317b0f6-cc5a-431e-bd3f-7fd04cc3a2ff'}, {'uid': 'e90f121d-020d-4982-9c1e-fba8873a8534', 'group_uid': '2ca57fd8-f95f-49a4-a6a9-734434404b66', 'role_uid': '6948d8e6-eca6-4c12-9241-a47db34db467', 'account_uid': '9317b0f6-cc5a-431e-bd3f-7fd04cc3a2ff'}]",228
Duroflex,cf8a7f4b-2bb7-4ed3-9eb9-af5551ecfd89,422 - Already Exists,"❌ Failed to patch roles for existing group cf8a7f4b-2bb7-4ed3-9eb9-af5551ecfd89: Patch roles failed: 422 - {""code"":422,""message"":""Item with (group_id, role_id, account_id)=(cf8a7f4b-2bb7-4ed3-9eb9-af5551ecfd89, 1544916c-0ce0-4042-a8e5-6e18042c73b7, 672a06a9-2c49-4afb-964f-98baf3c63579) already exists""}",233
Esme Consumer,b05f0954-18fa-45d5-819d-6cbbee1f33cb,Success,"[{'uid': 'b62a3af6-85ef-4388-af38-264ac8380341', 'group_uid': 'b05f0954-18fa-45d5-819d-6cbbee1f33cb', 'role_uid': '1544916c-0ce0-4042-a8e5-6e18042c73b7', 'account_uid': 'd3f8b5fc-a705-4faf-a960-61b536c53ee4'}, {'uid': '249fc0bc-32ec-4f40-9f00-3f182d01de21', 'group_uid': 'b05f0954-18fa-45d5-819d-6cbbee1f33cb', 'role_uid': '9e7c812c-c063-4613-9776-31f635bd1c03', 'account_uid': 'd3f8b5fc-a705-4faf-a960-61b536c53ee4'}, {'uid': '75f0015d-c53c-4279-aa03-eccec00b3c58', 'group_uid': 'b05f0954-18fa-45d5-819d-6cbbee1f33cb', 'role_uid': '6948d8e6-eca6-4c12-9241-a47db34db467', 'account_uid': 'd3f8b5fc-a705-4faf-a960-61b536c53ee4'}]",239
Ess Gee Trendz Retail,e14fc6ec-c173-4ab2-bdf0-ee4d2335472a,Success,"[{'uid': 'a2e16c13-c789-4303-8cbb-b38b25be6fde', 'group_uid': 'e14fc6ec-c173-4ab2-bdf0-ee4d2335472a', 'role_uid': '1544916c-0ce0-4042-a8e5-6e18042c73b7', 'account_uid': '9d7d2360-cf2a-4b66-8a77-38a3bbdb7249'}, {'uid': '22babeeb-12f2-4b74-801a-900c24f40f22', 'group_uid': 'e14fc6ec-c173-4ab2-bdf0-ee4d2335472a', 'role_uid': '9e7c812c-c063-4613-9776-31f635bd1c03', 'account_uid': '9d7d2360-cf2a-4b66-8a77-38a3bbdb7249'}, {'uid': 'dd140cc1-3dd8-4e70-b164-c33f3d73c5ef', 'group_uid': 'e14fc6ec-c173-4ab2-bdf0-ee4d2335472a', 'role_uid': '6948d8e6-eca6-4c12-9241-a47db34db467', 'account_uid': '9d7d2360-cf2a-4b66-8a77-38a3bbdb7249'}]",243
Exide Industries,0cbea426-d77d-43bb-9db0-370e90735ce9,Success,"[{'uid': 'e18c0a38-1f13-4e2d-8d82-ddc9a04db03b', 'group_uid': '0cbea426-d77d-43bb-9db0-370e90735ce9', 'role_uid': '1544916c-0ce0-4042-a8e5-6e18042c73b7', 'account_uid': '8352242f-c5e7-4b2a-bdf5-ded54af8a714'}, {'uid': '2412be30-3fda-48f6-bfc2-27877d0c61f5', 'group_uid': '0cbea426-d77d-43bb-9db0-370e90735ce9', 'role_uid': '9e7c812c-c063-4613-9776-31f635bd1c03', 'account_uid': '8352242f-c5e7-4b2a-bdf5-ded54af8a714'}, {'uid': '79cd2fae-1aab-420a-89a2-9c73ed8d903b', 'group_uid': '0cbea426-d77d-43bb-9db0-370e90735ce9', 'role_uid': '6948d8e6-eca6-4c12-9241-a47db34db467', 'account_uid': '8352242f-c5e7-4b2a-bdf5-ded54af8a714'}]",253
Ferrero,3d5620d0-3176-470f-8969-29c636eebd5a,Success,"[{'uid': 'c526d776-5135-4660-9d0a-066b67e4e830', 'group_uid': '3d5620d0-3176-470f-8969-29c636eebd5a', 'role_uid': '1544916c-0ce0-4042-a8e5-6e18042c73b7', 'account_uid': '3cf209b9-8370-4873-bb9b-1609ab493476'}, {'uid': '21fc144c-d3ea-40e8-ad75-976b3542dd99', 'group_uid': '3d5620d0-3176-470f-8969-29c636eebd5a', 'role_uid': '9e7c812c-c063-4613-9776-31f635bd1c03', 'account_uid': '3cf209b9-8370-4873-bb9b-1609ab493476'}, {'uid': '9744f2a8-8daf-483f-a082-d6a3ffd2d385', 'group_uid': '3d5620d0-3176-470f-8969-29c636eebd5a', 'role_uid': '6948d8e6-eca6-4c12-9241-a47db34db467', 'account_uid': '3cf209b9-8370-4873-bb9b-1609ab493476'}]",258
Purplle,4bc89e77-79ed-47b0-bbab-83b98d2d5b9f,Success,"[{'uid': '800c9d12-32aa-4554-b261-58feab3223eb', 'group_uid': '4bc89e77-79ed-47b0-bbab-83b98d2d5b9f', 'role_uid': '1544916c-0ce0-4042-a8e5-6e18042c73b7', 'account_uid': 'e15e1915-09e6-48b1-b30a-da7af593ef8b'}, {'uid': 'bb0b100f-4082-47e9-b0dc-7bd8fa9d38b6', 'group_uid': '4bc89e77-79ed-47b0-bbab-83b98d2d5b9f', 'role_uid': '9e7c812c-c063-4613-9776-31f635bd1c03', 'account_uid': 'e15e1915-09e6-48b1-b30a-da7af593ef8b'}, {'uid': '5b57d3bc-2a88-4172-99d9-fe5e13916942', 'group_uid': '4bc89e77-79ed-47b0-bbab-83b98d2d5b9f', 'role_uid': '6948d8e6-eca6-4c12-9241-a47db34db467', 'account_uid': 'e15e1915-09e6-48b1-b30a-da7af593ef8b'}]",262
Fieldfresh Foods,cc6a5ffc-34bb-4fc4-b1f2-87a628a34b60,Success,"[{'uid': '667bfbd8-d3dc-4fcc-8264-a6e9030a2568', 'group_uid': 'cc6a5ffc-34bb-4fc4-b1f2-87a628a34b60', 'role_uid': '1544916c-0ce0-4042-a8e5-6e18042c73b7', 'account_uid': 'ff5a746b-76ac-4883-a077-4e9edd015494'}, {'uid': '8ac9e3f5-cb15-424f-b68e-4523a1fec631', 'group_uid': 'cc6a5ffc-34bb-4fc4-b1f2-87a628a34b60', 'role_uid': '9e7c812c-c063-4613-9776-31f635bd1c03', 'account_uid': 'ff5a746b-76ac-4883-a077-4e9edd015494'}, {'uid': '4780e2c7-75e8-461b-a4ca-07baa79d6598', 'group_uid': 'cc6a5ffc-34bb-4fc4-b1f2-87a628a34b60', 'role_uid': '6948d8e6-eca6-4c12-9241-a47db34db467', 'account_uid': 'ff5a746b-76ac-4883-a077-4e9edd015494'}]",266
Finnovation Tech Solutions,9ba1a1dd-080b-4870-9547-e652e7f808b6,Success,"[{'uid': '9e67c790-9b78-4e4d-ba01-8f9edc5f416d', 'group_uid': '9ba1a1dd-080b-4870-9547-e652e7f808b6', 'role_uid': '1544916c-0ce0-4042-a8e5-6e18042c73b7', 'account_uid': '6adb450a-3c9a-4ec1-907e-d35c2aba4564'}, {'uid': '0bf7adae-3738-4392-bfb6-990bf082abb8', 'group_uid': '9ba1a1dd-080b-4870-9547-e652e7f808b6', 'role_uid': '9e7c812c-c063-4613-9776-31f635bd1c03', 'account_uid': '6adb450a-3c9a-4ec1-907e-d35c2aba4564'}, {'uid': '44893f2f-84cc-4046-8692-9b8562b61636', 'group_uid': '9ba1a1dd-080b-4870-9547-e652e7f808b6', 'role_uid': '6948d8e6-eca6-4c12-9241-a47db34db467', 'account_uid': '6adb450a-3c9a-4ec1-907e-d35c2aba4564'}]",270
Finzoom Investment Advisors,24a6f6e7-7724-4779-835c-78e5dc1b923f,Success,"[{'uid': 'c5ee4cd5-95ab-4822-a3f0-63c39f14e779', 'group_uid': '24a6f6e7-7724-4779-835c-78e5dc1b923f', 'role_uid': '1544916c-0ce0-4042-a8e5-6e18042c73b7', 'account_uid': '9add544d-6ff1-49a5-b1ca-798419030a65'}, {'uid': '02777308-04a1-4aa0-92d5-2d949fadd117', 'group_uid': '24a6f6e7-7724-4779-835c-78e5dc1b923f', 'role_uid': '9e7c812c-c063-4613-9776-31f635bd1c03', 'account_uid': '9add544d-6ff1-49a5-b1ca-798419030a65'}, {'uid': 'f731cf0d-d187-4a2e-bc10-19479b834252', 'group_uid': '24a6f6e7-7724-4779-835c-78e5dc1b923f', 'role_uid': '6948d8e6-eca6-4c12-9241-a47db34db467', 'account_uid': '9add544d-6ff1-49a5-b1ca-798419030a65'}]",276
Eureka Forbes,161a1308-1093-4648-8db5-bd0f880d75fc,422 - Already Exists,"❌ Failed to patch roles for existing group 161a1308-1093-4648-8db5-bd0f880d75fc: Patch roles failed: 422 - {""code"":422,""message"":""Item with (group_id, role_id, account_id)=(161a1308-1093-4648-8db5-bd0f880d75fc, 1544916c-0ce0-4042-a8e5-6e18042c73b7, 825e9ff6-3503-4319-a881-96174de63e86) already exists""}",282
Frankin Templeton,eaad2af6-d0d5-4f66-8f0a-89ac182f4d86,Success,"[{'uid': 'e6ad2ded-4a43-4157-bc90-b2f057255ab9', 'group_uid': 'eaad2af6-d0d5-4f66-8f0a-89ac182f4d86', 'role_uid': '1544916c-0ce0-4042-a8e5-6e18042c73b7', 'account_uid': '2b734cfb-3fa7-4158-9392-ff72799e512e'}, {'uid': '3ddcba2b-0d74-441b-9ace-4ab21ccdb88e', 'group_uid': 'eaad2af6-d0d5-4f66-8f0a-89ac182f4d86', 'role_uid': '9e7c812c-c063-4613-9776-31f635bd1c03', 'account_uid': '2b734cfb-3fa7-4158-9392-ff72799e512e'}, {'uid': '311b4d53-2d51-4cbd-97ea-943f4db8e5b6', 'group_uid': 'eaad2af6-d0d5-4f66-8f0a-89ac182f4d86', 'role_uid': '6948d8e6-eca6-4c12-9241-a47db34db467', 'account_uid': '2b734cfb-3fa7-4158-9392-ff72799e512e'}]",284
Friday Code,a5fd20e3-80f5-458f-8694-a8f3a8c0c2ff,Success,"[{'uid': '73bc69f8-5b48-4007-a0b4-ffdabab23805', 'group_uid': 'a5fd20e3-80f5-458f-8694-a8f3a8c0c2ff', 'role_uid': '1544916c-0ce0-4042-a8e5-6e18042c73b7', 'account_uid': '6f82dfa9-73f5-4bca-81fd-415123ffca6c'}, {'uid': 'bca6dbc4-c50b-4634-91b8-01a7960e281a', 'group_uid': 'a5fd20e3-80f5-458f-8694-a8f3a8c0c2ff', 'role_uid': '9e7c812c-c063-4613-9776-31f635bd1c03', 'account_uid': '6f82dfa9-73f5-4bca-81fd-415123ffca6c'}, {'uid': '066e7415-741e-4b05-ba97-c180c3d4a003', 'group_uid': 'a5fd20e3-80f5-458f-8694-a8f3a8c0c2ff', 'role_uid': '6948d8e6-eca6-4c12-9241-a47db34db467', 'account_uid': '6f82dfa9-73f5-4bca-81fd-415123ffca6c'}]",289
Eureka Forbes,7c0b7860-7197-4a06-9312-db8bd3e3b7e8,Success,"[{'uid': 'fb4820c4-8162-4c14-a897-826b435a6406', 'group_uid': '7c0b7860-7197-4a06-9312-db8bd3e3b7e8', 'role_uid': '1544916c-0ce0-4042-a8e5-6e18042c73b7', 'account_uid': '825e9ff6-3503-4319-a881-96174de63e86'}, {'uid': 'e5d29c6e-afff-4130-9aad-b864e2355017', 'group_uid': '7c0b7860-7197-4a06-9312-db8bd3e3b7e8', 'role_uid': '9e7c812c-c063-4613-9776-31f635bd1c03', 'account_uid': '825e9ff6-3503-4319-a881-96174de63e86'}, {'uid': '839b60ac-3bd8-4242-81de-6bdf46144c58', 'group_uid': '7c0b7860-7197-4a06-9312-db8bd3e3b7e8', 'role_uid': '6948d8e6-eca6-4c12-9241-a47db34db467', 'account_uid': '825e9ff6-3503-4319-a881-96174de63e86'}]",294
Franklin Templeton,5a2bc49e-fc18-4d11-a147-ca76820f5b94,Success,"[{'uid': '04e34734-1368-4727-b336-99d482c82560', 'group_uid': '5a2bc49e-fc18-4d11-a147-ca76820f5b94', 'role_uid': '1544916c-0ce0-4042-a8e5-6e18042c73b7', 'account_uid': '2726abf0-1511-4456-86bf-c50c0210c7e2'}, {'uid': '8139271a-74fd-496c-9792-4ff5415948e6', 'group_uid': '5a2bc49e-fc18-4d11-a147-ca76820f5b94', 'role_uid': '9e7c812c-c063-4613-9776-31f635bd1c03', 'account_uid': '2726abf0-1511-4456-86bf-c50c0210c7e2'}, {'uid': '45ad22b1-f0c9-418b-91e1-ce4eed8f90d3', 'group_uid': '5a2bc49e-fc18-4d11-a147-ca76820f5b94', 'role_uid': '6948d8e6-eca6-4c12-9241-a47db34db467', 'account_uid': '2726abf0-1511-4456-86bf-c50c0210c7e2'}]",298
Ferrero,d40aa256-3e83-4fc2-8015-c62743abbf82,422 - Already Exists,"❌ Failed to patch roles for existing group d40aa256-3e83-4fc2-8015-c62743abbf82: Patch roles failed: 422 - {""code"":422,""message"":""Item with (group_id, role_id, account_id)=(d40aa256-3e83-4fc2-8015-c62743abbf82, 1544916c-0ce0-4042-a8e5-6e18042c73b7, 3cf209b9-8370-4873-bb9b-1609ab493476) already exists""}",304
Fujifilm,5b945603-2f00-443e-abaa-213a9fdc4d09,Success,"[{'uid': 'b274fc78-3e12-4900-a780-0a8e82ee2d65', 'group_uid': '5b945603-2f00-443e-abaa-213a9fdc4d09', 'role_uid': '1544916c-0ce0-4042-a8e5-6e18042c73b7', 'account_uid': '95315646-dc14-4981-859c-11ad3d27bd89'}, {'uid': 'd0187af9-5132-4a9f-969a-319ad5307e23', 'group_uid': '5b945603-2f00-443e-abaa-213a9fdc4d09', 'role_uid': '9e7c812c-c063-4613-9776-31f635bd1c03', 'account_uid': '95315646-dc14-4981-859c-11ad3d27bd89'}, {'uid': '4ed0cd83-98a0-4291-bb94-208c11b01df0', 'group_uid': '5b945603-2f00-443e-abaa-213a9fdc4d09', 'role_uid': '6948d8e6-eca6-4c12-9241-a47db34db467', 'account_uid': '95315646-dc14-4981-859c-11ad3d27bd89'}]",308
Future Play Holdings,aaadbc02-c5bc-467f-a4ea-07aa44271138,Success,"[{'uid': 'c4dee006-76e2-4a6c-baef-7dc803e59518', 'group_uid': 'aaadbc02-c5bc-467f-a4ea-07aa44271138', 'role_uid': '1544916c-0ce0-4042-a8e5-6e18042c73b7', 'account_uid': '549a45f2-07fa-4632-a1c2-a5b709ddaff6'}, {'uid': 'd77ff1e0-b93c-41c2-a70a-491303829735', 'group_uid': 'aaadbc02-c5bc-467f-a4ea-07aa44271138', 'role_uid': '9e7c812c-c063-4613-9776-31f635bd1c03', 'account_uid': '549a45f2-07fa-4632-a1c2-a5b709ddaff6'}, {'uid': 'ce18b75a-697e-4867-b993-16182c736a34', 'group_uid': 'aaadbc02-c5bc-467f-a4ea-07aa44271138', 'role_uid': '6948d8e6-eca6-4c12-9241-a47db34db467', 'account_uid': '549a45f2-07fa-4632-a1c2-a5b709ddaff6'}]",315
Fyers Securities,edb75a03-1026-4ea1-b540-90f6add1a8b8,Success,"[{'uid': '13fca83f-fd23-43f1-8700-32b80a913630', 'group_uid': 'edb75a03-1026-4ea1-b540-90f6add1a8b8', 'role_uid': '1544916c-0ce0-4042-a8e5-6e18042c73b7', 'account_uid': '1f713765-ece4-47c6-8411-ba8fbe01ce90'}, {'uid': '096636f7-6f97-433a-bf58-24b4d2ec142a', 'group_uid': 'edb75a03-1026-4ea1-b540-90f6add1a8b8', 'role_uid': '9e7c812c-c063-4613-9776-31f635bd1c03', 'account_uid': '1f713765-ece4-47c6-8411-ba8fbe01ce90'}, {'uid': '6dd77eb9-b95d-46b3-8ed7-e3caac9cfcf2', 'group_uid': 'edb75a03-1026-4ea1-b540-90f6add1a8b8', 'role_uid': '6948d8e6-eca6-4c12-9241-a47db34db467', 'account_uid': '1f713765-ece4-47c6-8411-ba8fbe01ce90'}]",319
Future Generali India Life Insurance Company,b95b46a7-36dd-4123-b08f-ae7b9f3f43a6,Success,"[{'uid': '97dbeded-0b3d-4717-b820-901f1fcfc0df', 'group_uid': 'b95b46a7-36dd-4123-b08f-ae7b9f3f43a6', 'role_uid': '1544916c-0ce0-4042-a8e5-6e18042c73b7', 'account_uid': 'c84d9c2e-1f37-42bd-acdd-77590909b5e4'}, {'uid': '4ec5529c-2792-4c4a-9e16-b379ad5c690a', 'group_uid': 'b95b46a7-36dd-4123-b08f-ae7b9f3f43a6', 'role_uid': '9e7c812c-c063-4613-9776-31f635bd1c03', 'account_uid': 'c84d9c2e-1f37-42bd-acdd-77590909b5e4'}, {'uid': 'bcfe4e66-bb6e-4e49-a382-a315ec62cbc5', 'group_uid': 'b95b46a7-36dd-4123-b08f-ae7b9f3f43a6', 'role_uid': '6948d8e6-eca6-4c12-9241-a47db34db467', 'account_uid': 'c84d9c2e-1f37-42bd-acdd-77590909b5e4'}]",323
Garagepreneurs Internet,c3509af2-1df7-467c-a3a1-93ed4ae59594,Success,"[{'uid': 'fa4b42a1-9f6b-4647-8cd1-d4cf0170ec44', 'group_uid': 'c3509af2-1df7-467c-a3a1-93ed4ae59594', 'role_uid': '1544916c-0ce0-4042-a8e5-6e18042c73b7', 'account_uid': 'a9b2032c-4cc5-4b2d-bdd2-bc0b284c85be'}, {'uid': 'e90d2825-82f6-4a9e-9763-f24dfd72ae3f', 'group_uid': 'c3509af2-1df7-467c-a3a1-93ed4ae59594', 'role_uid': '9e7c812c-c063-4613-9776-31f635bd1c03', 'account_uid': 'a9b2032c-4cc5-4b2d-bdd2-bc0b284c85be'}, {'uid': '17dda0c6-7eeb-41fe-bf56-4d43959e2af8', 'group_uid': 'c3509af2-1df7-467c-a3a1-93ed4ae59594', 'role_uid': '6948d8e6-eca6-4c12-9241-a47db34db467', 'account_uid': 'a9b2032c-4cc5-4b2d-bdd2-bc0b284c85be'}]",331
Galaxy Health Insurance Company,529dbea4-bc1e-4f3c-972e-75846c8074c7,Success,"[{'uid': 'd87034b4-0df3-4d29-ba17-3185f71e3ca0', 'group_uid': '529dbea4-bc1e-4f3c-972e-75846c8074c7', 'role_uid': '1544916c-0ce0-4042-a8e5-6e18042c73b7', 'account_uid': 'c89dd9d8-fab7-49e4-a023-7d109d548014'}, {'uid': 'ad079f00-7c45-4df1-a480-ec9951e545fc', 'group_uid': '529dbea4-bc1e-4f3c-972e-75846c8074c7', 'role_uid': '9e7c812c-c063-4613-9776-31f635bd1c03', 'account_uid': 'c89dd9d8-fab7-49e4-a023-7d109d548014'}, {'uid': '53bcd85c-c70b-4274-a26a-6587d2af151f', 'group_uid': '529dbea4-bc1e-4f3c-972e-75846c8074c7', 'role_uid': '6948d8e6-eca6-4c12-9241-a47db34db467', 'account_uid': 'c89dd9d8-fab7-49e4-a023-7d109d548014'}]",336
Gameskraft Technologies,cfd982ff-cef5-469c-9eab-b4e0c900fd0b,Success,"[{'uid': '3c023923-7a66-426c-a08e-51788dc9eb11', 'group_uid': 'cfd982ff-cef5-469c-9eab-b4e0c900fd0b', 'role_uid': '1544916c-0ce0-4042-a8e5-6e18042c73b7', 'account_uid': 'cfa8a3f9-27dc-4a9f-9515-5be57e2a172b'}, {'uid': '039202c0-bddb-4870-b241-4dff07fef7d1', 'group_uid': 'cfd982ff-cef5-469c-9eab-b4e0c900fd0b', 'role_uid': '9e7c812c-c063-4613-9776-31f635bd1c03', 'account_uid': 'cfa8a3f9-27dc-4a9f-9515-5be57e2a172b'}, {'uid': 'd891494c-c317-4c33-b298-2516e78182a5', 'group_uid': 'cfd982ff-cef5-469c-9eab-b4e0c900fd0b', 'role_uid': '6948d8e6-eca6-4c12-9241-a47db34db467', 'account_uid': 'cfa8a3f9-27dc-4a9f-9515-5be57e2a172b'}]",340
Gavi Alliance,a07dbf91-ebaa-4afa-939a-c7997bd56646,Success,"[{'uid': '17ac1e2e-d8e5-43dd-9dba-3bcc5b16b049', 'group_uid': 'a07dbf91-ebaa-4afa-939a-c7997bd56646', 'role_uid': '1544916c-0ce0-4042-a8e5-6e18042c73b7', 'account_uid': '5bc90194-a94b-4edb-bc4b-d75b01802867'}, {'uid': '4138470d-00a1-47df-b25c-17eca5bef8f2', 'group_uid': 'a07dbf91-ebaa-4afa-939a-c7997bd56646', 'role_uid': '9e7c812c-c063-4613-9776-31f635bd1c03', 'account_uid': '5bc90194-a94b-4edb-bc4b-d75b01802867'}, {'uid': 'f115b864-467e-4bd2-b038-9953c714cf56', 'group_uid': 'a07dbf91-ebaa-4afa-939a-c7997bd56646', 'role_uid': '6948d8e6-eca6-4c12-9241-a47db34db467', 'account_uid': '5bc90194-a94b-4edb-bc4b-d75b01802867'}]",344
Global Fertility Solutions,7216b3fb-8a26-4fc3-9a17-28a1ea3c3819,Success,"[{'uid': '90c30e7d-ba9a-4ed9-961c-d453486899ae', 'group_uid': '7216b3fb-8a26-4fc3-9a17-28a1ea3c3819', 'role_uid': '1544916c-0ce0-4042-a8e5-6e18042c73b7', 'account_uid': 'd6f75f3b-fd5c-43a3-ade9-2296783aeead'}, {'uid': '3f4256c9-fc43-4145-a227-55f9251edfff', 'group_uid': '7216b3fb-8a26-4fc3-9a17-28a1ea3c3819', 'role_uid': '9e7c812c-c063-4613-9776-31f635bd1c03', 'account_uid': 'd6f75f3b-fd5c-43a3-ade9-2296783aeead'}, {'uid': '359b2512-c034-473e-b7c2-45865bf03557', 'group_uid': '7216b3fb-8a26-4fc3-9a17-28a1ea3c3819', 'role_uid': '6948d8e6-eca6-4c12-9241-a47db34db467', 'account_uid': 'd6f75f3b-fd5c-43a3-ade9-2296783aeead'}]",348
GKB Lens,a5a3193d-c1de-4077-b320-6bb7d431d515,Success,"[{'uid': '756cc908-63cf-4388-9e02-e8e38fb2b5ac', 'group_uid': 'a5a3193d-c1de-4077-b320-6bb7d431d515', 'role_uid': '1544916c-0ce0-4042-a8e5-6e18042c73b7', 'account_uid': '3d370b95-0f1e-4ec0-9a22-d7e0403bcb73'}, {'uid': '139a5690-f826-4692-8658-134d3b5ad053', 'group_uid': 'a5a3193d-c1de-4077-b320-6bb7d431d515', 'role_uid': '9e7c812c-c063-4613-9776-31f635bd1c03', 'account_uid': '3d370b95-0f1e-4ec0-9a22-d7e0403bcb73'}, {'uid': '17d1c523-8f0a-4f27-92bc-fb00469baa6a', 'group_uid': 'a5a3193d-c1de-4077-b320-6bb7d431d515', 'role_uid': '6948d8e6-eca6-4c12-9241-a47db34db467', 'account_uid': '3d370b95-0f1e-4ec0-9a22-d7e0403bcb73'}]",355
Go Digit General Insurance,d1031703-5196-4902-92ff-2443717a158f,Success,"[{'uid': 'c79365f8-7408-45b5-9321-dee0bcc79483', 'group_uid': 'd1031703-5196-4902-92ff-2443717a158f', 'role_uid': '1544916c-0ce0-4042-a8e5-6e18042c73b7', 'account_uid': 'c18f6b84-9fa8-4e1c-843d-faece3950f46'}, {'uid': 'dd8414c5-6640-4e11-89c6-dfc962309dea', 'group_uid': 'd1031703-5196-4902-92ff-2443717a158f', 'role_uid': '9e7c812c-c063-4613-9776-31f635bd1c03', 'account_uid': 'c18f6b84-9fa8-4e1c-843d-faece3950f46'}, {'uid': 'ba64acc9-12d9-4c5a-8826-3c586d4d059b', 'group_uid': 'd1031703-5196-4902-92ff-2443717a158f', 'role_uid': '6948d8e6-eca6-4c12-9241-a47db34db467', 'account_uid': 'c18f6b84-9fa8-4e1c-843d-faece3950f46'}]",364
Go Fashion,dde8f1ae-9a79-4404-8f5c-91205fe00a17,Success,"[{'uid': '92966264-c2ae-4017-b66a-45e72c207a1f', 'group_uid': 'dde8f1ae-9a79-4404-8f5c-91205fe00a17', 'role_uid': '1544916c-0ce0-4042-a8e5-6e18042c73b7', 'account_uid': '4856d0c4-0af4-47a2-bc7b-0c2fb2ee6a43'}, {'uid': 'f92abf80-eee5-47d5-9e39-591e95007c91', 'group_uid': 'dde8f1ae-9a79-4404-8f5c-91205fe00a17', 'role_uid': '9e7c812c-c063-4613-9776-31f635bd1c03', 'account_uid': '4856d0c4-0af4-47a2-bc7b-0c2fb2ee6a43'}, {'uid': '0bdb7496-a93d-4ba9-a211-b950e22671f1', 'group_uid': 'dde8f1ae-9a79-4404-8f5c-91205fe00a17', 'role_uid': '6948d8e6-eca6-4c12-9241-a47db34db467', 'account_uid': '4856d0c4-0af4-47a2-bc7b-0c2fb2ee6a43'}]",368
Green Pearl Education Management,1956a879-1223-44d2-87b4-8838e53064ab,Success,"[{'uid': '706c861a-0d8f-48b7-8da9-b88a612dedfb', 'group_uid': '1956a879-1223-44d2-87b4-8838e53064ab', 'role_uid': '1544916c-0ce0-4042-a8e5-6e18042c73b7', 'account_uid': '2cc40c37-7cea-4284-8f4a-bc8d97563da0'}, {'uid': '737a6bf6-02c1-4aab-8b08-eb8ce729c589', 'group_uid': '1956a879-1223-44d2-87b4-8838e53064ab', 'role_uid': '9e7c812c-c063-4613-9776-31f635bd1c03', 'account_uid': '2cc40c37-7cea-4284-8f4a-bc8d97563da0'}, {'uid': '83de27f7-1210-4c43-bed3-8094b84f05fe', 'group_uid': '1956a879-1223-44d2-87b4-8838e53064ab', 'role_uid': '6948d8e6-eca6-4c12-9241-a47db34db467', 'account_uid': '2cc40c37-7cea-4284-8f4a-bc8d97563da0'}]",372
Green Ply Industries,c2a25b2a-ec12-4f16-b50b-c0a9e3b9528c,Success,"[{'uid': '82958223-8433-4b1f-988c-1dfce0868af4', 'group_uid': 'c2a25b2a-ec12-4f16-b50b-c0a9e3b9528c', 'role_uid': '1544916c-0ce0-4042-a8e5-6e18042c73b7', 'account_uid': '751d302e-d87c-43c3-beb0-c2b31c5a66ef'}, {'uid': '9d1aa553-b252-460a-b542-4bcaa70587e8', 'group_uid': 'c2a25b2a-ec12-4f16-b50b-c0a9e3b9528c', 'role_uid': '9e7c812c-c063-4613-9776-31f635bd1c03', 'account_uid': '751d302e-d87c-43c3-beb0-c2b31c5a66ef'}, {'uid': '93e36918-a17e-4156-aceb-bdf2bc702299', 'group_uid': 'c2a25b2a-ec12-4f16-b50b-c0a9e3b9528c', 'role_uid': '6948d8e6-eca6-4c12-9241-a47db34db467', 'account_uid': '751d302e-d87c-43c3-beb0-c2b31c5a66ef'}]",377
Grey Worldwide,cf775f2e-d80d-46bb-bd35-694e05f8840f,Success,"[{'uid': '369aa204-ca8d-4be7-939f-0a2f2b47b423', 'group_uid': 'cf775f2e-d80d-46bb-bd35-694e05f8840f', 'role_uid': '1544916c-0ce0-4042-a8e5-6e18042c73b7', 'account_uid': '388299bb-021e-471b-a729-5bb54767d146'}, {'uid': 'f368ad7c-6843-4225-94e1-da68a5dc377c', 'group_uid': 'cf775f2e-d80d-46bb-bd35-694e05f8840f', 'role_uid': '9e7c812c-c063-4613-9776-31f635bd1c03', 'account_uid': '388299bb-021e-471b-a729-5bb54767d146'}, {'uid': 'a6b1a851-0103-4198-859c-597cecbfaa66', 'group_uid': 'cf775f2e-d80d-46bb-bd35-694e05f8840f', 'role_uid': '6948d8e6-eca6-4c12-9241-a47db34db467', 'account_uid': '388299bb-021e-471b-a729-5bb54767d146'}]",382
GoDaddy,467a2de9-561b-47c8-b3e8-62a68f64ec27,422 - Already Exists,"❌ Failed to patch roles for existing group 467a2de9-561b-47c8-b3e8-62a68f64ec27: Patch roles failed: 422 - {""code"":422,""message"":""Item with (group_id, role_id, account_id)=(467a2de9-561b-47c8-b3e8-62a68f64ec27, 1544916c-0ce0-4042-a8e5-6e18042c73b7, 49a52589-c0af-437e-a239-db0ba43d3f2c) already exists""}",387
Haleon Labs,8896c046-cc60-4acc-ad56-4b278049dae4,Success,"[{'uid': 'd1bec8ba-50b9-43bb-b6a5-43f2cd06b19e', 'group_uid': '8896c046-cc60-4acc-ad56-4b278049dae4', 'role_uid': '1544916c-0ce0-4042-a8e5-6e18042c73b7', 'account_uid': '7085a564-bb87-4b66-8d7e-6dc036d85aa8'}, {'uid': '6aaefd92-588b-44d6-9642-88f074ff94e8', 'group_uid': '8896c046-cc60-4acc-ad56-4b278049dae4', 'role_uid': '9e7c812c-c063-4613-9776-31f635bd1c03', 'account_uid': '7085a564-bb87-4b66-8d7e-6dc036d85aa8'}, {'uid': '7df51251-5e45-4d64-8417-7982e4d1281e', 'group_uid': '8896c046-cc60-4acc-ad56-4b278049dae4', 'role_uid': '6948d8e6-eca6-4c12-9241-a47db34db467', 'account_uid': '7085a564-bb87-4b66-8d7e-6dc036d85aa8'}]",393
Eternal Limited,73773379-5cf5-4d6e-b437-63fec3152f28,Success,"[{'uid': '9c07324b-1c7b-4bab-b3c4-0ecdb7b47619', 'group_uid': '73773379-5cf5-4d6e-b437-63fec3152f28', 'role_uid': '1544916c-0ce0-4042-a8e5-6e18042c73b7', 'account_uid': 'e4d67756-b915-47fd-91d3-aed9b7daeab7'}, {'uid': '9135232e-525b-4563-9c77-11ba4b4068e4', 'group_uid': '73773379-5cf5-4d6e-b437-63fec3152f28', 'role_uid': '9e7c812c-c063-4613-9776-31f635bd1c03', 'account_uid': 'e4d67756-b915-47fd-91d3-aed9b7daeab7'}, {'uid': '2a605926-9f47-4960-8597-44934aead0f5', 'group_uid': '73773379-5cf5-4d6e-b437-63fec3152f28', 'role_uid': '6948d8e6-eca6-4c12-9241-a47db34db467', 'account_uid': 'e4d67756-b915-47fd-91d3-aed9b7daeab7'}]",398
GRT Hotels And Resorts,f020a43d-11e0-48e8-a1f8-ca02b837d06f,Success,"[{'uid': '773df89b-d06a-4702-a2cc-3d80899d26e9', 'group_uid': 'f020a43d-11e0-48e8-a1f8-ca02b837d06f', 'role_uid': '1544916c-0ce0-4042-a8e5-6e18042c73b7', 'account_uid': 'e4b534a9-0747-43f7-8968-54eff28e587a'}, {'uid': '83002b16-be38-49c4-b001-cb8a07477170', 'group_uid': 'f020a43d-11e0-48e8-a1f8-ca02b837d06f', 'role_uid': '9e7c812c-c063-4613-9776-31f635bd1c03', 'account_uid': 'e4b534a9-0747-43f7-8968-54eff28e587a'}, {'uid': '42cf8d46-9660-4793-8857-6f38736e16b0', 'group_uid': 'f020a43d-11e0-48e8-a1f8-ca02b837d06f', 'role_uid': '6948d8e6-eca6-4c12-9241-a47db34db467', 'account_uid': 'e4b534a9-0747-43f7-8968-54eff28e587a'}]",402
Hash Connect Integrated Services,ae36370e-9cb8-4369-8838-886749f6743c,Success,"[{'uid': '4548fa1f-82a8-4110-a584-6655ddb1e22b', 'group_uid': 'ae36370e-9cb8-4369-8838-886749f6743c', 'role_uid': '1544916c-0ce0-4042-a8e5-6e18042c73b7', 'account_uid': '22f54733-9052-4579-9236-c9e8f7e80b37'}, {'uid': 'decf6f9d-8be6-4f0d-982f-68c1f571a6a0', 'group_uid': 'ae36370e-9cb8-4369-8838-886749f6743c', 'role_uid': '9e7c812c-c063-4613-9776-31f635bd1c03', 'account_uid': '22f54733-9052-4579-9236-c9e8f7e80b37'}, {'uid': '74e1e306-5d77-49d9-8dc1-7276a68afded', 'group_uid': 'ae36370e-9cb8-4369-8838-886749f6743c', 'role_uid': '6948d8e6-eca6-4c12-9241-a47db34db467', 'account_uid': '22f54733-9052-4579-9236-c9e8f7e80b37'}]",411
Heallo Online Health,616d93ce-89ae-4cf0-bb24-e49b1eeb3b95,Success,"[{'uid': '281d7b7a-1f96-4c3c-9eb4-eba141155095', 'group_uid': '616d93ce-89ae-4cf0-bb24-e49b1eeb3b95', 'role_uid': '1544916c-0ce0-4042-a8e5-6e18042c73b7', 'account_uid': '58da9280-dbfc-4cee-9c6a-9c51f05f02b2'}, {'uid': '14f2bb0c-be3d-41c2-a9ec-dc830b858294', 'group_uid': '616d93ce-89ae-4cf0-bb24-e49b1eeb3b95', 'role_uid': '9e7c812c-c063-4613-9776-31f635bd1c03', 'account_uid': '58da9280-dbfc-4cee-9c6a-9c51f05f02b2'}, {'uid': '53bf48e8-7059-4cc7-82be-bc2dc2b6f5f4', 'group_uid': '616d93ce-89ae-4cf0-bb24-e49b1eeb3b95', 'role_uid': '6948d8e6-eca6-4c12-9241-a47db34db467', 'account_uid': '58da9280-dbfc-4cee-9c6a-9c51f05f02b2'}]",416
Hatton National Bank,f6dfc063-c599-41b7-bcae-5938506ed10e,Success,"[{'uid': '6d5ac5a4-e02f-42dc-ba78-2c904b2b6057', 'group_uid': 'f6dfc063-c599-41b7-bcae-5938506ed10e', 'role_uid': '1544916c-0ce0-4042-a8e5-6e18042c73b7', 'account_uid': '0cfec977-ea70-4394-b4c2-96ecf2e5e74d'}, {'uid': '9b6ae566-6508-44e5-b70c-aed43ddf53ea', 'group_uid': 'f6dfc063-c599-41b7-bcae-5938506ed10e', 'role_uid': '9e7c812c-c063-4613-9776-31f635bd1c03', 'account_uid': '0cfec977-ea70-4394-b4c2-96ecf2e5e74d'}, {'uid': '9f5b0997-6a07-4d03-adc2-623e7c927fa8', 'group_uid': 'f6dfc063-c599-41b7-bcae-5938506ed10e', 'role_uid': '6948d8e6-eca6-4c12-9241-a47db34db467', 'account_uid': '0cfec977-ea70-4394-b4c2-96ecf2e5e74d'}]",421
Helpage,cde27702-cb9e-473c-a52c-d4cb7221dc50,Success,"[{'uid': '0c498b52-21ab-439d-aeba-ae381c2a9db8', 'group_uid': 'cde27702-cb9e-473c-a52c-d4cb7221dc50', 'role_uid': '1544916c-0ce0-4042-a8e5-6e18042c73b7', 'account_uid': 'd9a3ebfa-2a13-4f2c-ab4e-19a9e5f87c21'}, {'uid': '47780413-119a-41b9-8488-f41ea500bc7e', 'group_uid': 'cde27702-cb9e-473c-a52c-d4cb7221dc50', 'role_uid': '9e7c812c-c063-4613-9776-31f635bd1c03', 'account_uid': 'd9a3ebfa-2a13-4f2c-ab4e-19a9e5f87c21'}, {'uid': 'b52542c1-889e-41f1-a113-255530da2506', 'group_uid': 'cde27702-cb9e-473c-a52c-d4cb7221dc50', 'role_uid': '6948d8e6-eca6-4c12-9241-a47db34db467', 'account_uid': 'd9a3ebfa-2a13-4f2c-ab4e-19a9e5f87c21'}]",426
Herbalife Nutrition,b687ab2c-81ba-4143-b6a0-c478c1c813e7,Success,"[{'uid': '7438490c-60af-440b-aeb3-fca346513f87', 'group_uid': 'b687ab2c-81ba-4143-b6a0-c478c1c813e7', 'role_uid': '1544916c-0ce0-4042-a8e5-6e18042c73b7', 'account_uid': 'bc289e4e-a22a-4e11-8eda-94ae88a7ad5c'}, {'uid': 'c25f912e-4593-4b92-99b7-b7d22c6c36bb', 'group_uid': 'b687ab2c-81ba-4143-b6a0-c478c1c813e7', 'role_uid': '9e7c812c-c063-4613-9776-31f635bd1c03', 'account_uid': 'bc289e4e-a22a-4e11-8eda-94ae88a7ad5c'}, {'uid': 'f515feec-0e06-43cf-8b76-b89782e41f62', 'group_uid': 'b687ab2c-81ba-4143-b6a0-c478c1c813e7', 'role_uid': '6948d8e6-eca6-4c12-9241-a47db34db467', 'account_uid': 'bc289e4e-a22a-4e11-8eda-94ae88a7ad5c'}]",431
Harper Collins Publishers,8f75c156-7021-4543-a253-8ecd0bd68be4,422 - Already Exists,"❌ Failed to patch roles for existing group 8f75c156-7021-4543-a253-8ecd0bd68be4: Patch roles failed: 422 - {""code"":422,""message"":""Item with (group_id, role_id, account_id)=(8f75c156-7021-4543-a253-8ecd0bd68be4, 1544916c-0ce0-4042-a8e5-6e18042c73b7, 7c86e4cd-abf4-4ed6-a7f2-d79a49947900) already exists""}",436
Hero Cycles,6f06f96f-dff9-4186-8eec-c1c58fc260c8,Success,"[{'uid': '6c88407c-c067-4111-835c-582ea6a79477', 'group_uid': '6f06f96f-dff9-4186-8eec-c1c58fc260c8', 'role_uid': '1544916c-0ce0-4042-a8e5-6e18042c73b7', 'account_uid': 'd9b02b69-4e3c-4060-8b21-2643d37eb5a7'}, {'uid': '13f403a5-4739-414c-a9e8-edb8cb561d08', 'group_uid': '6f06f96f-dff9-4186-8eec-c1c58fc260c8', 'role_uid': '9e7c812c-c063-4613-9776-31f635bd1c03', 'account_uid': 'd9b02b69-4e3c-4060-8b21-2643d37eb5a7'}, {'uid': 'c2f900ef-2b0b-46b9-8bb6-30c89f40dc92', 'group_uid': '6f06f96f-dff9-4186-8eec-c1c58fc260c8', 'role_uid': '6948d8e6-eca6-4c12-9241-a47db34db467', 'account_uid': 'd9b02b69-4e3c-4060-8b21-2643d37eb5a7'}]",441
Hero Fincorp,a6bedbdc-e494-4e62-a4bd-84ebd60d32da,Success,"[{'uid': '84d57770-0d6f-4109-982c-8ee870540693', 'group_uid': 'a6bedbdc-e494-4e62-a4bd-84ebd60d32da', 'role_uid': '1544916c-0ce0-4042-a8e5-6e18042c73b7', 'account_uid': 'a1edd747-6632-46c2-a919-309d00b85973'}, {'uid': 'd9c237cd-1457-4609-bf90-51a38316131e', 'group_uid': 'a6bedbdc-e494-4e62-a4bd-84ebd60d32da', 'role_uid': '9e7c812c-c063-4613-9776-31f635bd1c03', 'account_uid': 'a1edd747-6632-46c2-a919-309d00b85973'}, {'uid': '8c2bb0fa-4aeb-407a-8548-c39c933929a5', 'group_uid': 'a6bedbdc-e494-4e62-a4bd-84ebd60d32da', 'role_uid': '6948d8e6-eca6-4c12-9241-a47db34db467', 'account_uid': 'a1edd747-6632-46c2-a919-309d00b85973'}]",446
Hindalco Industries,ac14cf66-1ba9-45fc-9ff4-a9f4c38e4f2f,Success,"[{'uid': 'e1d6d1e0-e36e-4efa-a84d-db1575137cef', 'group_uid': 'ac14cf66-1ba9-45fc-9ff4-a9f4c38e4f2f', 'role_uid': '1544916c-0ce0-4042-a8e5-6e18042c73b7', 'account_uid': 'f69eb587-d474-48a9-98b1-ad8be97eaacf'}, {'uid': '14a75e44-d2e0-4e47-b156-d16b759698c7', 'group_uid': 'ac14cf66-1ba9-45fc-9ff4-a9f4c38e4f2f', 'role_uid': '9e7c812c-c063-4613-9776-31f635bd1c03', 'account_uid': 'f69eb587-d474-48a9-98b1-ad8be97eaacf'}, {'uid': 'd4cdfc4f-0f18-4fee-8d98-3921be6eba36', 'group_uid': 'ac14cf66-1ba9-45fc-9ff4-a9f4c38e4f2f', 'role_uid': '6948d8e6-eca6-4c12-9241-a47db34db467', 'account_uid': 'f69eb587-d474-48a9-98b1-ad8be97eaacf'}]",450
Hindustan Thompson Advertising,2197e62c-7998-4b61-a1b8-9a8a96d4a6db,Success,"[{'uid': '28a4b53d-ad0a-4743-baa0-d9a84980da0e', 'group_uid': '2197e62c-7998-4b61-a1b8-9a8a96d4a6db', 'role_uid': '1544916c-0ce0-4042-a8e5-6e18042c73b7', 'account_uid': '4f87a188-bcbc-45cc-9e7e-01328511a429'}, {'uid': 'c4cc9dbc-6419-4c75-ac4c-1df744138038', 'group_uid': '2197e62c-7998-4b61-a1b8-9a8a96d4a6db', 'role_uid': '9e7c812c-c063-4613-9776-31f635bd1c03', 'account_uid': '4f87a188-bcbc-45cc-9e7e-01328511a429'}, {'uid': 'a0ff30dd-3556-400f-b4d3-98e179015577', 'group_uid': '2197e62c-7998-4b61-a1b8-9a8a96d4a6db', 'role_uid': '6948d8e6-eca6-4c12-9241-a47db34db467', 'account_uid': '4f87a188-bcbc-45cc-9e7e-01328511a429'}]",454
Home Interior Designs E Commerce,7b775f63-aa4a-4415-a9c7-0e69a9571248,Success,"[{'uid': '1520c594-6916-4f68-9626-30c973d833d7', 'group_uid': '7b775f63-aa4a-4415-a9c7-0e69a9571248', 'role_uid': '1544916c-0ce0-4042-a8e5-6e18042c73b7', 'account_uid': '9065c031-2112-4f42-86a4-20a1ee2d09db'}, {'uid': '190c203a-0bfb-46fa-855e-c6508b3a356e', 'group_uid': '7b775f63-aa4a-4415-a9c7-0e69a9571248', 'role_uid': '9e7c812c-c063-4613-9776-31f635bd1c03', 'account_uid': '9065c031-2112-4f42-86a4-20a1ee2d09db'}, {'uid': 'fb66f512-d559-457f-9eca-0719fc4a96e3', 'group_uid': '7b775f63-aa4a-4415-a9c7-0e69a9571248', 'role_uid': '6948d8e6-eca6-4c12-9241-a47db34db467', 'account_uid': '9065c031-2112-4f42-86a4-20a1ee2d09db'}]",462
Hmd Mobile,5e18d6b9-2d5e-454a-b1fe-b746e7bb32b8,Success,"[{'uid': '90a92d39-03cb-4503-8d86-b4de31f7a692', 'group_uid': '5e18d6b9-2d5e-454a-b1fe-b746e7bb32b8', 'role_uid': '1544916c-0ce0-4042-a8e5-6e18042c73b7', 'account_uid': 'b26599ae-2efe-4948-ac01-6dcc0d5ca0b4'}, {'uid': '2c04c3c9-c9f4-4324-a3fa-1b526a928bb4', 'group_uid': '5e18d6b9-2d5e-454a-b1fe-b746e7bb32b8', 'role_uid': '9e7c812c-c063-4613-9776-31f635bd1c03', 'account_uid': 'b26599ae-2efe-4948-ac01-6dcc0d5ca0b4'}, {'uid': '8604cdfd-cfa5-4ad7-b5c6-621ea42fdd3e', 'group_uid': '5e18d6b9-2d5e-454a-b1fe-b746e7bb32b8', 'role_uid': '6948d8e6-eca6-4c12-9241-a47db34db467', 'account_uid': 'b26599ae-2efe-4948-ac01-6dcc0d5ca0b4'}]",468
Homevista Decor And Furnishings,5551434b-a2e4-42ef-85fd-374645e5b031,Success,"[{'uid': '807858d0-f990-49d3-923c-406c39dad795', 'group_uid': '5551434b-a2e4-42ef-85fd-374645e5b031', 'role_uid': '1544916c-0ce0-4042-a8e5-6e18042c73b7', 'account_uid': '31a59354-7465-4b78-89fc-6dfde9fcc81d'}, {'uid': '0473afdd-4cb9-46d0-8f33-b23120daad5e', 'group_uid': '5551434b-a2e4-42ef-85fd-374645e5b031', 'role_uid': '9e7c812c-c063-4613-9776-31f635bd1c03', 'account_uid': '31a59354-7465-4b78-89fc-6dfde9fcc81d'}, {'uid': '02c58684-385b-455c-8506-ad98e80754a2', 'group_uid': '5551434b-a2e4-42ef-85fd-374645e5b031', 'role_uid': '6948d8e6-eca6-4c12-9241-a47db34db467', 'account_uid': '31a59354-7465-4b78-89fc-6dfde9fcc81d'}]",474
HSBC,e84a83f9-36a7-442d-8479-2c07428d093e,Success,"[{'uid': '11517568-a08a-4a50-8cae-a95dc7152a52', 'group_uid': 'e84a83f9-36a7-442d-8479-2c07428d093e', 'role_uid': '1544916c-0ce0-4042-a8e5-6e18042c73b7', 'account_uid': 'd47ad808-1dc5-42a2-b781-65a3146568fb'}, {'uid': 'c89e9796-0625-4763-9bd8-7f4b838e0392', 'group_uid': 'e84a83f9-36a7-442d-8479-2c07428d093e', 'role_uid': '9e7c812c-c063-4613-9776-31f635bd1c03', 'account_uid': 'd47ad808-1dc5-42a2-b781-65a3146568fb'}, {'uid': 'd77af5ce-b204-4b0f-8daf-8d442cf83d6e', 'group_uid': 'e84a83f9-36a7-442d-8479-2c07428d093e', 'role_uid': '6948d8e6-eca6-4c12-9241-a47db34db467', 'account_uid': 'd47ad808-1dc5-42a2-b781-65a3146568fb'}]",485
IDP Education,aa4bbec2-e43b-4b38-b6db-84a9b4a6ca4c,Success,"[{'uid': '456d1203-d46b-495e-b07c-b94d50892cb1', 'group_uid': 'aa4bbec2-e43b-4b38-b6db-84a9b4a6ca4c', 'role_uid': '1544916c-0ce0-4042-a8e5-6e18042c73b7', 'account_uid': 'df2bf1f0-064f-4db0-9a24-ef3c301642ef'}, {'uid': '9840d841-47c0-46c2-b9ea-ab8eef09092f', 'group_uid': 'aa4bbec2-e43b-4b38-b6db-84a9b4a6ca4c', 'role_uid': '9e7c812c-c063-4613-9776-31f635bd1c03', 'account_uid': 'df2bf1f0-064f-4db0-9a24-ef3c301642ef'}, {'uid': '5ff5c3da-a168-4946-bb9b-db048b32c5cc', 'group_uid': 'aa4bbec2-e43b-4b38-b6db-84a9b4a6ca4c', 'role_uid': '6948d8e6-eca6-4c12-9241-a47db34db467', 'account_uid': 'df2bf1f0-064f-4db0-9a24-ef3c301642ef'}]",489
India Luxco Retail,7b67ae00-45bd-424d-b6e4-bb31ae760b39,Success,"[{'uid': '8e777fc6-da30-4655-88c5-c0b8e47c63fb', 'group_uid': '7b67ae00-45bd-424d-b6e4-bb31ae760b39', 'role_uid': '1544916c-0ce0-4042-a8e5-6e18042c73b7', 'account_uid': '643f0546-c97b-46dc-8e8b-64b496a4489c'}, {'uid': '9fee5c9e-aeab-4430-a714-2f811703f4d4', 'group_uid': '7b67ae00-45bd-424d-b6e4-bb31ae760b39', 'role_uid': '9e7c812c-c063-4613-9776-31f635bd1c03', 'account_uid': '643f0546-c97b-46dc-8e8b-64b496a4489c'}, {'uid': '9187f8ab-9c32-48cf-b2ed-486b4f3a5b75', 'group_uid': '7b67ae00-45bd-424d-b6e4-bb31ae760b39', 'role_uid': '6948d8e6-eca6-4c12-9241-a47db34db467', 'account_uid': '643f0546-c97b-46dc-8e8b-64b496a4489c'}]",493
Indiawin Sports,1887ea76-166d-46dd-a9b3-54866ed3e404,Success,"[{'uid': 'f98a7251-746d-4bae-81f0-fa59ca109912', 'group_uid': '1887ea76-166d-46dd-a9b3-54866ed3e404', 'role_uid': '1544916c-0ce0-4042-a8e5-6e18042c73b7', 'account_uid': '9f3182c2-3066-4139-bbaf-e10d479e8746'}, {'uid': 'fa178770-fc22-4cc8-ac68-6cebe0999b67', 'group_uid': '1887ea76-166d-46dd-a9b3-54866ed3e404', 'role_uid': '9e7c812c-c063-4613-9776-31f635bd1c03', 'account_uid': '9f3182c2-3066-4139-bbaf-e10d479e8746'}, {'uid': '50a62669-2f15-4201-b31b-44ceea9ca794', 'group_uid': '1887ea76-166d-46dd-a9b3-54866ed3e404', 'role_uid': '6948d8e6-eca6-4c12-9241-a47db34db467', 'account_uid': '9f3182c2-3066-4139-bbaf-e10d479e8746'}]",500
Honda Motorcycles,7266d53d-fa78-406e-8035-d97e46ca4f00,Failed,"Patch roles failed: 422 - {""code"":422,""message"":""Group 7266d53d-fa78-406e-8035-d97e46ca4f00 not available in account c3a604db-d434-4a21-a4e7-fef3ba95632c.""}",505
Indian Terrain Fashions,8091f6b6-626c-4af3-b51e-4fe249fb8cbc,Success,"[{'uid': 'f3ee70a7-470a-4d80-b4d4-b176b3f60b86', 'group_uid': '8091f6b6-626c-4af3-b51e-4fe249fb8cbc', 'role_uid': '1544916c-0ce0-4042-a8e5-6e18042c73b7', 'account_uid': 'c89bf8ca-edbe-4be6-b32d-951662f7f61c'}, {'uid': '80360e10-27db-44e5-9739-6428f1f42b78', 'group_uid': '8091f6b6-626c-4af3-b51e-4fe249fb8cbc', 'role_uid': '9e7c812c-c063-4613-9776-31f635bd1c03', 'account_uid': 'c89bf8ca-edbe-4be6-b32d-951662f7f61c'}, {'uid': '29ed8023-2c89-47f1-a33e-e324d9d86c68', 'group_uid': '8091f6b6-626c-4af3-b51e-4fe249fb8cbc', 'role_uid': '6948d8e6-eca6-4c12-9241-a47db34db467', 'account_uid': 'c89bf8ca-edbe-4be6-b32d-951662f7f61c'}]",510
Indira IVF Hospital,39e1944f-e6d7-4d35-9cdd-0a3fc6eb3711,Success,"[{'uid': 'fd8ee6c5-8104-4773-b90e-11822433654e', 'group_uid': '39e1944f-e6d7-4d35-9cdd-0a3fc6eb3711', 'role_uid': '1544916c-0ce0-4042-a8e5-6e18042c73b7', 'account_uid': 'f3be5ab5-eda4-430f-ac82-4b0aadae9d63'}, {'uid': '7eb06d82-11ba-451e-8bd3-c8245e881797', 'group_uid': '39e1944f-e6d7-4d35-9cdd-0a3fc6eb3711', 'role_uid': '9e7c812c-c063-4613-9776-31f635bd1c03', 'account_uid': 'f3be5ab5-eda4-430f-ac82-4b0aadae9d63'}, {'uid': '52ad2fb3-1b5f-4fdf-aa9d-f95884dfb774', 'group_uid': '39e1944f-e6d7-4d35-9cdd-0a3fc6eb3711', 'role_uid': '6948d8e6-eca6-4c12-9241-a47db34db467', 'account_uid': 'f3be5ab5-eda4-430f-ac82-4b0aadae9d63'}]",514
Indmoney,83d00960-4732-4189-b615-e8b04001a096,Success,"[{'uid': '0de86b32-e0b2-405d-8898-77eab1cc0c93', 'group_uid': '83d00960-4732-4189-b615-e8b04001a096', 'role_uid': '1544916c-0ce0-4042-a8e5-6e18042c73b7', 'account_uid': '1680703e-afd3-4c91-aac6-607c74b3785c'}, {'uid': '7bbe11f0-0771-4b93-9d26-fab8735eec2f', 'group_uid': '83d00960-4732-4189-b615-e8b04001a096', 'role_uid': '9e7c812c-c063-4613-9776-31f635bd1c03', 'account_uid': '1680703e-afd3-4c91-aac6-607c74b3785c'}, {'uid': '43ef1b57-fd82-4ad1-b3e3-2dda5b762a9b', 'group_uid': '83d00960-4732-4189-b615-e8b04001a096', 'role_uid': '6948d8e6-eca6-4c12-9241-a47db34db467', 'account_uid': '1680703e-afd3-4c91-aac6-607c74b3785c'}]",523
Infinity Trading Company,0c0f5297-31f2-4014-a953-b6aed49d5b0b,Success,"[{'uid': '222d53a4-de26-42e6-93e5-5339971b4a15', 'group_uid': '0c0f5297-31f2-4014-a953-b6aed49d5b0b', 'role_uid': '1544916c-0ce0-4042-a8e5-6e18042c73b7', 'account_uid': 'b972bf99-4f6e-43a7-acdf-a2ba165002d2'}, {'uid': '2302057b-27fb-439a-872c-c7aaff0f079d', 'group_uid': '0c0f5297-31f2-4014-a953-b6aed49d5b0b', 'role_uid': '9e7c812c-c063-4613-9776-31f635bd1c03', 'account_uid': 'b972bf99-4f6e-43a7-acdf-a2ba165002d2'}, {'uid': '96c7bacc-3e65-40d6-ad7b-43eccf99b15a', 'group_uid': '0c0f5297-31f2-4014-a953-b6aed49d5b0b', 'role_uid': '6948d8e6-eca6-4c12-9241-a47db34db467', 'account_uid': 'b972bf99-4f6e-43a7-acdf-a2ba165002d2'}]",529
Indkal Technologies,d895467a-e9f8-4bb1-969e-956537fdbef9,Success,"[{'uid': '2b545318-a22c-4aa6-9aef-5fa03380984b', 'group_uid': 'd895467a-e9f8-4bb1-969e-956537fdbef9', 'role_uid': '1544916c-0ce0-4042-a8e5-6e18042c73b7', 'account_uid': '20f7dd96-6f33-44e0-a1e1-be99dcf1f477'}, {'uid': '49fc68d1-678e-4268-a35c-9333b06be3d9', 'group_uid': 'd895467a-e9f8-4bb1-969e-956537fdbef9', 'role_uid': '9e7c812c-c063-4613-9776-31f635bd1c03', 'account_uid': '20f7dd96-6f33-44e0-a1e1-be99dcf1f477'}, {'uid': '789212a3-c99a-4525-ac33-9526f6362f80', 'group_uid': 'd895467a-e9f8-4bb1-969e-956537fdbef9', 'role_uid': '6948d8e6-eca6-4c12-9241-a47db34db467', 'account_uid': '20f7dd96-6f33-44e0-a1e1-be99dcf1f477'}]",533
Ingram Micro India,987a02d1-cc4f-4c23-b15d-c58102075fbf,Success,"[{'uid': '710a5887-dde6-4f86-9f5d-207fb3baca59', 'group_uid': '987a02d1-cc4f-4c23-b15d-c58102075fbf', 'role_uid': '1544916c-0ce0-4042-a8e5-6e18042c73b7', 'account_uid': 'c971e298-9a1e-497e-8c62-20bfba46c968'}, {'uid': '9e25e854-6290-46bf-8099-67418d6110a3', 'group_uid': '987a02d1-cc4f-4c23-b15d-c58102075fbf', 'role_uid': '9e7c812c-c063-4613-9776-31f635bd1c03', 'account_uid': 'c971e298-9a1e-497e-8c62-20bfba46c968'}, {'uid': 'e8b9ba78-ec85-4a04-b718-1bebd662abd7', 'group_uid': '987a02d1-cc4f-4c23-b15d-c58102075fbf', 'role_uid': '6948d8e6-eca6-4c12-9241-a47db34db467', 'account_uid': 'c971e298-9a1e-497e-8c62-20bfba46c968'}]",538
Innomotics,4324672b-0a5c-47ff-ac62-8479f5ec5a5f,Success,"[{'uid': '82be1a2f-f243-44a9-9875-d47091003bd2', 'group_uid': '4324672b-0a5c-47ff-ac62-8479f5ec5a5f', 'role_uid': '1544916c-0ce0-4042-a8e5-6e18042c73b7', 'account_uid': '3f8962b7-2032-4c18-b928-1cc963529165'}, {'uid': '6375dfc4-2c63-4823-8e8f-d9562d191986', 'group_uid': '4324672b-0a5c-47ff-ac62-8479f5ec5a5f', 'role_uid': '9e7c812c-c063-4613-9776-31f635bd1c03', 'account_uid': '3f8962b7-2032-4c18-b928-1cc963529165'}, {'uid': '1c516e5c-e2f8-4fee-afef-97fa2461c5e5', 'group_uid': '4324672b-0a5c-47ff-ac62-8479f5ec5a5f', 'role_uid': '6948d8e6-eca6-4c12-9241-a47db34db467', 'account_uid': '3f8962b7-2032-4c18-b928-1cc963529165'}]",546
Instakart Services,ef104b3f-a4b9-4c6d-8b63-efba75d9e938,Success,"[{'uid': '59cfce5f-4644-4a63-9085-6bad92f487f4', 'group_uid': 'ef104b3f-a4b9-4c6d-8b63-efba75d9e938', 'role_uid': '1544916c-0ce0-4042-a8e5-6e18042c73b7', 'account_uid': '39a9306d-6212-4533-b78e-a82152ec3b12'}, {'uid': 'c4704f77-3aca-420c-b909-3431835aa2bc', 'group_uid': 'ef104b3f-a4b9-4c6d-8b63-efba75d9e938', 'role_uid': '9e7c812c-c063-4613-9776-31f635bd1c03', 'account_uid': '39a9306d-6212-4533-b78e-a82152ec3b12'}, {'uid': 'abaef58c-560a-4c40-a29c-d0a93173257c', 'group_uid': 'ef104b3f-a4b9-4c6d-8b63-efba75d9e938', 'role_uid': '6948d8e6-eca6-4c12-9241-a47db34db467', 'account_uid': '39a9306d-6212-4533-b78e-a82152ec3b12'}]",551
International Gemmological Institute,fa6107da-5bf3-476f-8fc2-f098f099540c,Success,"[{'uid': '81c1eaa9-f7a6-4296-a143-e160be1be369', 'group_uid': 'fa6107da-5bf3-476f-8fc2-f098f099540c', 'role_uid': '1544916c-0ce0-4042-a8e5-6e18042c73b7', 'account_uid': '9ff971fa-b07d-4598-b65f-61881b69c121'}, {'uid': 'b85ab13f-ef7e-46dc-b279-bc856f1c9b1e', 'group_uid': 'fa6107da-5bf3-476f-8fc2-f098f099540c', 'role_uid': '9e7c812c-c063-4613-9776-31f635bd1c03', 'account_uid': '9ff971fa-b07d-4598-b65f-61881b69c121'}, {'uid': '8261eb18-1dee-45fc-ba43-fba9fe367859', 'group_uid': 'fa6107da-5bf3-476f-8fc2-f098f099540c', 'role_uid': '6948d8e6-eca6-4c12-9241-a47db34db467', 'account_uid': '9ff971fa-b07d-4598-b65f-61881b69c121'}]",555
Inkodop Technologies,952aa3da-9aef-4991-8eb0-a0147b3a6d17,Success,"[{'uid': 'ff39cdb6-1716-4807-89a1-f9d3d15da3cf', 'group_uid': '952aa3da-9aef-4991-8eb0-a0147b3a6d17', 'role_uid': '1544916c-0ce0-4042-a8e5-6e18042c73b7', 'account_uid': '1b0334b6-1ba1-4b77-b1dc-c22d1f4685ba'}, {'uid': '5eb423f4-1320-4afb-9896-828a2bc2ac88', 'group_uid': '952aa3da-9aef-4991-8eb0-a0147b3a6d17', 'role_uid': '9e7c812c-c063-4613-9776-31f635bd1c03', 'account_uid': '1b0334b6-1ba1-4b77-b1dc-c22d1f4685ba'}, {'uid': 'ee0cf76d-e323-48c2-9050-1ec6fdaa0b32', 'group_uid': '952aa3da-9aef-4991-8eb0-a0147b3a6d17', 'role_uid': '6948d8e6-eca6-4c12-9241-a47db34db467', 'account_uid': '1b0334b6-1ba1-4b77-b1dc-c22d1f4685ba'}]",559
Infiniti Retail,5cf576cd-85e5-4646-841d-7a7c3e16ac30,422 - Already Exists,"❌ Failed to patch roles for existing group 5cf576cd-85e5-4646-841d-7a7c3e16ac30: Patch roles failed: 422 - {""code"":422,""message"":""Item with (group_id, role_id, account_id)=(5cf576cd-85e5-4646-841d-7a7c3e16ac30, 1544916c-0ce0-4042-a8e5-6e18042c73b7, 5373ae47-f395-4674-8f0a-69cc3dbfaa99) already exists""}",564
Infiniti Retail,ced40bd7-4b94-4aee-a929-4db88249692a,Success,"[{'uid': 'a157fb56-f753-43a9-82c2-5fd120d878cb', 'group_uid': 'ced40bd7-4b94-4aee-a929-4db88249692a', 'role_uid': '1544916c-0ce0-4042-a8e5-6e18042c73b7', 'account_uid': '5373ae47-f395-4674-8f0a-69cc3dbfaa99'}, {'uid': '47f42b78-e8b7-414b-8f99-196460c67370', 'group_uid': 'ced40bd7-4b94-4aee-a929-4db88249692a', 'role_uid': '9e7c812c-c063-4613-9776-31f635bd1c03', 'account_uid': '5373ae47-f395-4674-8f0a-69cc3dbfaa99'}, {'uid': '5693edb1-273d-415c-80e1-aafe25ded1d7', 'group_uid': 'ced40bd7-4b94-4aee-a929-4db88249692a', 'role_uid': '6948d8e6-eca6-4c12-9241-a47db34db467', 'account_uid': '5373ae47-f395-4674-8f0a-69cc3dbfaa99'}]",568
International Tractors,57e7958c-c195-4675-93c9-dce9371d4f76,Success,"[{'uid': '5d930a90-98e5-47a2-83e0-b0c6c355097a', 'group_uid': '57e7958c-c195-4675-93c9-dce9371d4f76', 'role_uid': '1544916c-0ce0-4042-a8e5-6e18042c73b7', 'account_uid': '68ef6d81-9797-42c2-b4aa-bdd041fa1292'}, {'uid': 'd7553f17-3465-4fe0-a10e-cb80c75a5845', 'group_uid': '57e7958c-c195-4675-93c9-dce9371d4f76', 'role_uid': '9e7c812c-c063-4613-9776-31f635bd1c03', 'account_uid': '68ef6d81-9797-42c2-b4aa-bdd041fa1292'}, {'uid': 'b5ea8455-7ee4-4dfe-83a0-461327928e7d', 'group_uid': '57e7958c-c195-4675-93c9-dce9371d4f76', 'role_uid': '6948d8e6-eca6-4c12-9241-a47db34db467', 'account_uid': '68ef6d81-9797-42c2-b4aa-bdd041fa1292'}]",572
Indivinity Clothing Retail,ceaa82dc-5147-41bc-9fc8-bdbb380caf40,Success,"[{'uid': '337cbaed-f3e9-484b-b20c-81f93d2b29a4', 'group_uid': 'ceaa82dc-5147-41bc-9fc8-bdbb380caf40', 'role_uid': '1544916c-0ce0-4042-a8e5-6e18042c73b7', 'account_uid': '6cd5b7b8-f3bc-45a6-8676-59caf40c37c7'}, {'uid': 'f28cc354-fddb-4988-beb0-05ca31c6ee3c', 'group_uid': 'ceaa82dc-5147-41bc-9fc8-bdbb380caf40', 'role_uid': '9e7c812c-c063-4613-9776-31f635bd1c03', 'account_uid': '6cd5b7b8-f3bc-45a6-8676-59caf40c37c7'}, {'uid': 'e24825b1-314b-45d4-b8b5-17e13f876486', 'group_uid': 'ceaa82dc-5147-41bc-9fc8-bdbb380caf40', 'role_uid': '6948d8e6-eca6-4c12-9241-a47db34db467', 'account_uid': '6cd5b7b8-f3bc-45a6-8676-59caf40c37c7'}]",576
Invisalign,88144f25-f37d-4683-90a1-3425ed9bdf37,Success,"[{'uid': '86495484-2ae8-4837-994c-540d610b88f3', 'group_uid': '88144f25-f37d-4683-90a1-3425ed9bdf37', 'role_uid': '1544916c-0ce0-4042-a8e5-6e18042c73b7', 'account_uid': '4d6956b1-faa0-4cc7-9bda-b4592646125c'}, {'uid': '7e76037f-e606-4b9f-a59c-fd956c0b213b', 'group_uid': '88144f25-f37d-4683-90a1-3425ed9bdf37', 'role_uid': '9e7c812c-c063-4613-9776-31f635bd1c03', 'account_uid': '4d6956b1-faa0-4cc7-9bda-b4592646125c'}, {'uid': 'e02c4d8c-b0cf-40b7-8b03-c0f4169f84af', 'group_uid': '88144f25-f37d-4683-90a1-3425ed9bdf37', 'role_uid': '6948d8e6-eca6-4c12-9241-a47db34db467', 'account_uid': '4d6956b1-faa0-4cc7-9bda-b4592646125c'}]",583
Jaypore E-Commerce,551a03f8-1da7-4a1f-92c8-7b0cb24dc4c0,Success,"[{'uid': '6414fd1c-246e-411a-9dcb-e716d4aa6e91', 'group_uid': '551a03f8-1da7-4a1f-92c8-7b0cb24dc4c0', 'role_uid': '1544916c-0ce0-4042-a8e5-6e18042c73b7', 'account_uid': '27553eca-a5f9-420a-8d88-a76674125d30'}, {'uid': 'ffa6b80c-66ce-427f-a2c5-9371932b0329', 'group_uid': '551a03f8-1da7-4a1f-92c8-7b0cb24dc4c0', 'role_uid': '9e7c812c-c063-4613-9776-31f635bd1c03', 'account_uid': '27553eca-a5f9-420a-8d88-a76674125d30'}, {'uid': '961d107f-07f9-493f-8b37-46c27067005a', 'group_uid': '551a03f8-1da7-4a1f-92c8-7b0cb24dc4c0', 'role_uid': '6948d8e6-eca6-4c12-9241-a47db34db467', 'account_uid': '27553eca-a5f9-420a-8d88-a76674125d30'}]",591
Jet Privilege,ed33292e-6660-45dc-bdc2-3d1995db2d3b,Success,"[{'uid': '00327b89-a658-4aee-aece-9d457f4b6685', 'group_uid': 'ed33292e-6660-45dc-bdc2-3d1995db2d3b', 'role_uid': '1544916c-0ce0-4042-a8e5-6e18042c73b7', 'account_uid': 'd0a9dc7b-fa1d-441c-994e-1022a1fbb09a'}, {'uid': '0729bca5-7250-4cd4-8ccd-9638e9317899', 'group_uid': 'ed33292e-6660-45dc-bdc2-3d1995db2d3b', 'role_uid': '9e7c812c-c063-4613-9776-31f635bd1c03', 'account_uid': 'd0a9dc7b-fa1d-441c-994e-1022a1fbb09a'}, {'uid': '57a0ca6f-b949-4bf1-b60d-bec050bd179e', 'group_uid': 'ed33292e-6660-45dc-bdc2-3d1995db2d3b', 'role_uid': '6948d8e6-eca6-4c12-9241-a47db34db467', 'account_uid': 'd0a9dc7b-fa1d-441c-994e-1022a1fbb09a'}]",595
Jindal Steel & Power,9ffc64e0-4fee-4d90-8cfd-a421d873c91d,Success,"[{'uid': '69567401-c074-4905-8761-ed1f651a68f3', 'group_uid': '9ffc64e0-4fee-4d90-8cfd-a421d873c91d', 'role_uid': '1544916c-0ce0-4042-a8e5-6e18042c73b7', 'account_uid': '13baa81b-077c-4a29-ad87-045f75b33737'}, {'uid': 'c2a6f269-f356-4336-bbba-9fd9436b3741', 'group_uid': '9ffc64e0-4fee-4d90-8cfd-a421d873c91d', 'role_uid': '9e7c812c-c063-4613-9776-31f635bd1c03', 'account_uid': '13baa81b-077c-4a29-ad87-045f75b33737'}, {'uid': 'a711c074-0a0c-44fc-b664-a17544ff904f', 'group_uid': '9ffc64e0-4fee-4d90-8cfd-a421d873c91d', 'role_uid': '6948d8e6-eca6-4c12-9241-a47db34db467', 'account_uid': '13baa81b-077c-4a29-ad87-045f75b33737'}]",599
Jiva Ayurvedic Pharmacy,0a91a127-13b0-48ca-a294-446073ace317,Success,"[{'uid': 'f8f6b061-3a41-4491-99ad-79ace58e2528', 'group_uid': '0a91a127-13b0-48ca-a294-446073ace317', 'role_uid': '1544916c-0ce0-4042-a8e5-6e18042c73b7', 'account_uid': 'aa70fe54-c3be-46f7-abdc-2a0fbc4e2d12'}, {'uid': '6b369169-e82b-4c89-ad63-55fa8e28b10f', 'group_uid': '0a91a127-13b0-48ca-a294-446073ace317', 'role_uid': '9e7c812c-c063-4613-9776-31f635bd1c03', 'account_uid': 'aa70fe54-c3be-46f7-abdc-2a0fbc4e2d12'}, {'uid': 'c4181e61-1cc0-4ca1-913d-27380b37d338', 'group_uid': '0a91a127-13b0-48ca-a294-446073ace317', 'role_uid': '6948d8e6-eca6-4c12-9241-a47db34db467', 'account_uid': 'aa70fe54-c3be-46f7-abdc-2a0fbc4e2d12'}]",604
Jntl Consumer Health,3988739c-eafd-4a8b-8d2a-f50b3de4f123,Success,"[{'uid': 'be05e27a-453e-4928-b41e-3553f9c7c542', 'group_uid': '3988739c-eafd-4a8b-8d2a-f50b3de4f123', 'role_uid': '1544916c-0ce0-4042-a8e5-6e18042c73b7', 'account_uid': '8d1a2cee-f5dd-4653-b386-07983e0eb62b'}, {'uid': '39b6f7d1-9ab3-4bdb-92e8-1423e4051c76', 'group_uid': '3988739c-eafd-4a8b-8d2a-f50b3de4f123', 'role_uid': '9e7c812c-c063-4613-9776-31f635bd1c03', 'account_uid': '8d1a2cee-f5dd-4653-b386-07983e0eb62b'}, {'uid': 'c3bfd7ce-5bdf-47be-a547-a9dd1d854dad', 'group_uid': '3988739c-eafd-4a8b-8d2a-f50b3de4f123', 'role_uid': '6948d8e6-eca6-4c12-9241-a47db34db467', 'account_uid': '8d1a2cee-f5dd-4653-b386-07983e0eb62b'}]",611
Johnson & Smith Co,d44f7a78-a354-478c-8219-1ddf5df2e687,Success,"[{'uid': 'b6814ed3-d4f7-4fe5-b571-d13de3daa8df', 'group_uid': 'd44f7a78-a354-478c-8219-1ddf5df2e687', 'role_uid': '1544916c-0ce0-4042-a8e5-6e18042c73b7', 'account_uid': 'b33a6262-7e43-4ced-ae40-b47071b2a22d'}, {'uid': '30188c12-8971-4ca4-9fbc-98a0718cd2e5', 'group_uid': 'd44f7a78-a354-478c-8219-1ddf5df2e687', 'role_uid': '9e7c812c-c063-4613-9776-31f635bd1c03', 'account_uid': 'b33a6262-7e43-4ced-ae40-b47071b2a22d'}, {'uid': 'a38fbbc0-68d5-4a39-8444-ffcff5661c1b', 'group_uid': 'd44f7a78-a354-478c-8219-1ddf5df2e687', 'role_uid': '6948d8e6-eca6-4c12-9241-a47db34db467', 'account_uid': 'b33a6262-7e43-4ced-ae40-b47071b2a22d'}]",615
Irelia Sports,c28b25d7-6ee7-405c-bbf5-62df92d6511b,Success,"[{'uid': '4cc1a810-bd29-48a7-aa8c-92d4c41472a4', 'group_uid': 'c28b25d7-6ee7-405c-bbf5-62df92d6511b', 'role_uid': '1544916c-0ce0-4042-a8e5-6e18042c73b7', 'account_uid': '4df53b92-156c-4714-86ef-13f63069d282'}, {'uid': 'f20a9de8-8e84-465e-8851-a83b200c96e0', 'group_uid': 'c28b25d7-6ee7-405c-bbf5-62df92d6511b', 'role_uid': '9e7c812c-c063-4613-9776-31f635bd1c03', 'account_uid': '4df53b92-156c-4714-86ef-13f63069d282'}, {'uid': 'fecbcfca-4591-4ad0-b6cd-fce2d1ff537d', 'group_uid': 'c28b25d7-6ee7-405c-bbf5-62df92d6511b', 'role_uid': '6948d8e6-eca6-4c12-9241-a47db34db467', 'account_uid': '4df53b92-156c-4714-86ef-13f63069d282'}]",621
ITW Consulting,ebcfa553-aa26-4dc1-be8d-09011b6a174b,Success,"[{'uid': '6f6867c3-39e4-4258-97c8-0484fcbbc8b5', 'group_uid': 'ebcfa553-aa26-4dc1-be8d-09011b6a174b', 'role_uid': '1544916c-0ce0-4042-a8e5-6e18042c73b7', 'account_uid': '1900a1c0-408d-43e3-89e6-036cdb68c7b1'}, {'uid': '6220902b-ffc9-4b4c-9849-a3e4e14e5763', 'group_uid': 'ebcfa553-aa26-4dc1-be8d-09011b6a174b', 'role_uid': '9e7c812c-c063-4613-9776-31f635bd1c03', 'account_uid': '1900a1c0-408d-43e3-89e6-036cdb68c7b1'}, {'uid': '046208c9-af75-4db8-97d9-6dcf3d6a087c', 'group_uid': 'ebcfa553-aa26-4dc1-be8d-09011b6a174b', 'role_uid': '6948d8e6-eca6-4c12-9241-a47db34db467', 'account_uid': '1900a1c0-408d-43e3-89e6-036cdb68c7b1'}]",626
Johnson Controls,08ebbb56-5fe4-41cd-a7ac-9628aa1f14d4,Success,"[{'uid': '9f94e63e-2405-48c5-a6a5-174d3a916271', 'group_uid': '08ebbb56-5fe4-41cd-a7ac-9628aa1f14d4', 'role_uid': '1544916c-0ce0-4042-a8e5-6e18042c73b7', 'account_uid': '6b51a9ed-3bc4-4b70-b54e-46fd8092d28d'}, {'uid': '08d84e9f-c65d-4f6a-a720-78548b0a768c', 'group_uid': '08ebbb56-5fe4-41cd-a7ac-9628aa1f14d4', 'role_uid': '9e7c812c-c063-4613-9776-31f635bd1c03', 'account_uid': '6b51a9ed-3bc4-4b70-b54e-46fd8092d28d'}, {'uid': 'e5f1c194-7edf-45f1-8e19-077798fc8539', 'group_uid': '08ebbb56-5fe4-41cd-a7ac-9628aa1f14d4', 'role_uid': '6948d8e6-eca6-4c12-9241-a47db34db467', 'account_uid': '6b51a9ed-3bc4-4b70-b54e-46fd8092d28d'}]",630
Joyalukkas,dfc4343b-ecc8-47aa-beb6-b51a49f3dee3,Success,"[{'uid': '6ff302bb-89f6-4091-a292-843fa8ef63af', 'group_uid': 'dfc4343b-ecc8-47aa-beb6-b51a49f3dee3', 'role_uid': '1544916c-0ce0-4042-a8e5-6e18042c73b7', 'account_uid': '7fc9c88e-8b94-470a-a929-af5c84066c6e'}, {'uid': 'a823922f-1a0e-4108-b0c0-88cb1fc797cf', 'group_uid': 'dfc4343b-ecc8-47aa-beb6-b51a49f3dee3', 'role_uid': '9e7c812c-c063-4613-9776-31f635bd1c03', 'account_uid': '7fc9c88e-8b94-470a-a929-af5c84066c6e'}, {'uid': '496a6666-74d0-46b8-b966-b32e1991db45', 'group_uid': 'dfc4343b-ecc8-47aa-beb6-b51a49f3dee3', 'role_uid': '6948d8e6-eca6-4c12-9241-a47db34db467', 'account_uid': '7fc9c88e-8b94-470a-a929-af5c84066c6e'}]",638
Kaleesuwari Refinery,1291a3da-03d5-4bc3-a195-099e9f757cb6,Success,"[{'uid': '00dc41b1-59a4-4aad-a587-bbeb25690c85', 'group_uid': '1291a3da-03d5-4bc3-a195-099e9f757cb6', 'role_uid': '1544916c-0ce0-4042-a8e5-6e18042c73b7', 'account_uid': 'f6220e17-fab8-414c-bf3a-a19048978efe'}, {'uid': 'a267d2a6-31f8-47b1-ab8b-4d4a118304f5', 'group_uid': '1291a3da-03d5-4bc3-a195-099e9f757cb6', 'role_uid': '9e7c812c-c063-4613-9776-31f635bd1c03', 'account_uid': 'f6220e17-fab8-414c-bf3a-a19048978efe'}, {'uid': 'db3a1ffb-f908-4169-9b31-ddee2a8706f5', 'group_uid': '1291a3da-03d5-4bc3-a195-099e9f757cb6', 'role_uid': '6948d8e6-eca6-4c12-9241-a47db34db467', 'account_uid': 'f6220e17-fab8-414c-bf3a-a19048978efe'}]",642
Kalyan Developers,81febeae-c457-4761-bb1c-8258d154765a,Success,"[{'uid': '5074e7a1-6f83-4c7f-bf26-ba08b5ba2a92', 'group_uid': '81febeae-c457-4761-bb1c-8258d154765a', 'role_uid': '1544916c-0ce0-4042-a8e5-6e18042c73b7', 'account_uid': '04131143-83f3-406e-9cc3-bdd578a1c7e9'}, {'uid': 'e3e04e4c-d2aa-4068-9e5b-3e868514ddd8', 'group_uid': '81febeae-c457-4761-bb1c-8258d154765a', 'role_uid': '9e7c812c-c063-4613-9776-31f635bd1c03', 'account_uid': '04131143-83f3-406e-9cc3-bdd578a1c7e9'}, {'uid': '9d93bcdf-d67e-4646-8477-94f176ed976f', 'group_uid': '81febeae-c457-4761-bb1c-8258d154765a', 'role_uid': '6948d8e6-eca6-4c12-9241-a47db34db467', 'account_uid': '04131143-83f3-406e-9cc3-bdd578a1c7e9'}]",646
Johnson & Johnson,df082b93-ca10-493b-9e2f-32aa0c433157,422 - Already Exists,"❌ Failed to patch roles for existing group df082b93-ca10-493b-9e2f-32aa0c433157: Patch roles failed: 422 - {""code"":422,""message"":""Item with (group_id, role_id, account_id)=(df082b93-ca10-493b-9e2f-32aa0c433157, 1544916c-0ce0-4042-a8e5-6e18042c73b7, cf995697-d46d-41cd-b774-fd428e36191f) already exists""}",651
Khadim,519775e8-9a7b-4a2a-84fc-d8b18f68ac89,Success,"[{'uid': '666c0fa5-6412-42a1-84f0-cc59169fdfb6', 'group_uid': '519775e8-9a7b-4a2a-84fc-d8b18f68ac89', 'role_uid': '1544916c-0ce0-4042-a8e5-6e18042c73b7', 'account_uid': '3bbaf5be-0ab5-4227-9f95-bfdcb21eb06f'}, {'uid': '670114b2-432a-4167-b74b-98005a14e6de', 'group_uid': '519775e8-9a7b-4a2a-84fc-d8b18f68ac89', 'role_uid': '9e7c812c-c063-4613-9776-31f635bd1c03', 'account_uid': '3bbaf5be-0ab5-4227-9f95-bfdcb21eb06f'}, {'uid': '2cbbb5f0-1540-4c76-9b94-092865b669ac', 'group_uid': '519775e8-9a7b-4a2a-84fc-d8b18f68ac89', 'role_uid': '6948d8e6-eca6-4c12-9241-a47db34db467', 'account_uid': '3bbaf5be-0ab5-4227-9f95-bfdcb21eb06f'}]",658
Kalyan Sarees,783bb44b-d5a6-4d8f-a0e7-420307709993,Success,"[{'uid': 'f235a375-63c7-4258-8166-57e3c190e1e9', 'group_uid': '783bb44b-d5a6-4d8f-a0e7-420307709993', 'role_uid': '1544916c-0ce0-4042-a8e5-6e18042c73b7', 'account_uid': 'cd85324f-5747-4ee8-93de-431e92947fda'}, {'uid': 'd1e812ee-49ce-4833-ad04-1c684f64fb81', 'group_uid': '783bb44b-d5a6-4d8f-a0e7-420307709993', 'role_uid': '9e7c812c-c063-4613-9776-31f635bd1c03', 'account_uid': 'cd85324f-5747-4ee8-93de-431e92947fda'}, {'uid': '58a29e10-1431-4de5-a260-f0c2f9e69258', 'group_uid': '783bb44b-d5a6-4d8f-a0e7-420307709993', 'role_uid': '6948d8e6-eca6-4c12-9241-a47db34db467', 'account_uid': 'cd85324f-5747-4ee8-93de-431e92947fda'}]",662
Kalyan Jewellers,4141a18a-ea12-44b0-9c35-e5289e9e7925,Success,"[{'uid': '79c732f5-2c7e-41d0-967e-8ab5ed5c0db5', 'group_uid': '4141a18a-ea12-44b0-9c35-e5289e9e7925', 'role_uid': '1544916c-0ce0-4042-a8e5-6e18042c73b7', 'account_uid': '6c3bdfea-9252-424f-aa70-e84a8fb7f65b'}, {'uid': 'fe58d39c-5761-4597-90b6-d418e22ab9d5', 'group_uid': '4141a18a-ea12-44b0-9c35-e5289e9e7925', 'role_uid': '9e7c812c-c063-4613-9776-31f635bd1c03', 'account_uid': '6c3bdfea-9252-424f-aa70-e84a8fb7f65b'}, {'uid': 'cbbe4056-99c8-4abb-b058-d1f5001f4958', 'group_uid': '4141a18a-ea12-44b0-9c35-e5289e9e7925', 'role_uid': '6948d8e6-eca6-4c12-9241-a47db34db467', 'account_uid': '6c3bdfea-9252-424f-aa70-e84a8fb7f65b'}]",668
Kinetic Green Energy And Power Solutions,252c8188-1189-4008-8201-50536fce71a8,Success,"[{'uid': '495e1d0a-a7bb-4794-be00-159715910a30', 'group_uid': '252c8188-1189-4008-8201-50536fce71a8', 'role_uid': '1544916c-0ce0-4042-a8e5-6e18042c73b7', 'account_uid': '29a5e770-8841-496d-b566-62cf57bf8240'}, {'uid': '3fb37ba3-6d66-4480-bfbe-f474c391cff6', 'group_uid': '252c8188-1189-4008-8201-50536fce71a8', 'role_uid': '9e7c812c-c063-4613-9776-31f635bd1c03', 'account_uid': '29a5e770-8841-496d-b566-62cf57bf8240'}, {'uid': 'a9f7a146-a38a-41fd-b80f-541638e2c27b', 'group_uid': '252c8188-1189-4008-8201-50536fce71a8', 'role_uid': '6948d8e6-eca6-4c12-9241-a47db34db467', 'account_uid': '29a5e770-8841-496d-b566-62cf57bf8240'}]",671
Kinetic National,eefaa144-8cb6-4fb3-baac-84fef08ece59,Success,"[{'uid': '278ad789-f56d-4490-91c3-dc5f7f2a61aa', 'group_uid': 'eefaa144-8cb6-4fb3-baac-84fef08ece59', 'role_uid': '1544916c-0ce0-4042-a8e5-6e18042c73b7', 'account_uid': '6b7bbede-f985-4355-b7e5-08df4b2e0096'}, {'uid': 'cebcec5c-7f7d-476d-9e02-c5122d476881', 'group_uid': 'eefaa144-8cb6-4fb3-baac-84fef08ece59', 'role_uid': '9e7c812c-c063-4613-9776-31f635bd1c03', 'account_uid': '6b7bbede-f985-4355-b7e5-08df4b2e0096'}, {'uid': '1fdc67f9-20a6-4169-bfe2-3217c6764868', 'group_uid': 'eefaa144-8cb6-4fb3-baac-84fef08ece59', 'role_uid': '6948d8e6-eca6-4c12-9241-a47db34db467', 'account_uid': '6b7bbede-f985-4355-b7e5-08df4b2e0096'}]",675
Kalyan Jewellers,b7fcff24-a27d-46f5-8bfe-304d560e6aa4,Success,"[{'uid': 'b85e49f1-4f81-4bdb-9946-3140703afbf7', 'group_uid': 'b7fcff24-a27d-46f5-8bfe-304d560e6aa4', 'role_uid': '1544916c-0ce0-4042-a8e5-6e18042c73b7', 'account_uid': '6c3bdfea-9252-424f-aa70-e84a8fb7f65b'}, {'uid': 'af9f8424-b5d3-4b7c-845d-79085d62e007', 'group_uid': 'b7fcff24-a27d-46f5-8bfe-304d560e6aa4', 'role_uid': '9e7c812c-c063-4613-9776-31f635bd1c03', 'account_uid': '6c3bdfea-9252-424f-aa70-e84a8fb7f65b'}, {'uid': '1b91cd04-096e-4188-8c06-41d0fb3221d9', 'group_uid': 'b7fcff24-a27d-46f5-8bfe-304d560e6aa4', 'role_uid': '6948d8e6-eca6-4c12-9241-a47db34db467', 'account_uid': '6c3bdfea-9252-424f-aa70-e84a8fb7f65b'}]",679
Kiranakart Technologies,47246b4b-c985-4812-ae07-7b99d00a63ac,Success,"[{'uid': '61379c1a-b887-4d5f-8853-55ff74222248', 'group_uid': '47246b4b-c985-4812-ae07-7b99d00a63ac', 'role_uid': '1544916c-0ce0-4042-a8e5-6e18042c73b7', 'account_uid': '4418415e-5d7c-4491-a0fb-dd8e4a20296e'}, {'uid': '8beacb4f-441c-4e5b-84c2-a0632c53ecc1', 'group_uid': '47246b4b-c985-4812-ae07-7b99d00a63ac', 'role_uid': '9e7c812c-c063-4613-9776-31f635bd1c03', 'account_uid': '4418415e-5d7c-4491-a0fb-dd8e4a20296e'}, {'uid': '9c9eb58a-4602-451a-9a0a-0452b0b3bb7e', 'group_uid': '47246b4b-c985-4812-ae07-7b99d00a63ac', 'role_uid': '6948d8e6-eca6-4c12-9241-a47db34db467', 'account_uid': '4418415e-5d7c-4491-a0fb-dd8e4a20296e'}]",686
Krafton Inc,6a15f265-3c75-4813-ba0c-22220522ecd8,Success,"[{'uid': '2a82bd71-fda2-45ec-bdc2-18a9f1618e5f', 'group_uid': '6a15f265-3c75-4813-ba0c-22220522ecd8', 'role_uid': '1544916c-0ce0-4042-a8e5-6e18042c73b7', 'account_uid': '0a06a4fd-972d-469a-bfa1-7015a5f888e3'}, {'uid': 'e05b9fed-fa18-4283-a583-b95bbd0919f3', 'group_uid': '6a15f265-3c75-4813-ba0c-22220522ecd8', 'role_uid': '9e7c812c-c063-4613-9776-31f635bd1c03', 'account_uid': '0a06a4fd-972d-469a-bfa1-7015a5f888e3'}, {'uid': 'a46cca7d-e437-4728-a349-32c3a8a980d8', 'group_uid': '6a15f265-3c75-4813-ba0c-22220522ecd8', 'role_uid': '6948d8e6-eca6-4c12-9241-a47db34db467', 'account_uid': '0a06a4fd-972d-469a-bfa1-7015a5f888e3'}]",691
KPMG,96743477-7666-4fec-91d4-3bce0f7ed207,Success,"[{'uid': '10a02a43-9923-44ea-b1dd-f5f5432d0b4b', 'group_uid': '96743477-7666-4fec-91d4-3bce0f7ed207', 'role_uid': '1544916c-0ce0-4042-a8e5-6e18042c73b7', 'account_uid': 'c9232540-a8a9-46ba-9c00-f76bc9109af3'}, {'uid': '509e8c3e-b306-4b51-b4c7-7052d5845dc0', 'group_uid': '96743477-7666-4fec-91d4-3bce0f7ed207', 'role_uid': '9e7c812c-c063-4613-9776-31f635bd1c03', 'account_uid': 'c9232540-a8a9-46ba-9c00-f76bc9109af3'}, {'uid': 'ff315524-9040-432b-aac1-81f383ce5f01', 'group_uid': '96743477-7666-4fec-91d4-3bce0f7ed207', 'role_uid': '6948d8e6-eca6-4c12-9241-a47db34db467', 'account_uid': 'c9232540-a8a9-46ba-9c00-f76bc9109af3'}]",695
KRBL,93e96a72-65f4-4fc9-af7d-a84864c216a6,Success,"[{'uid': '24da5106-0f5b-4fab-8ed6-31ed9ae04ab7', 'group_uid': '93e96a72-65f4-4fc9-af7d-a84864c216a6', 'role_uid': '1544916c-0ce0-4042-a8e5-6e18042c73b7', 'account_uid': '18ac5dc0-a6aa-4815-b896-a63ccadfef2d'}, {'uid': 'f137ef3e-73a8-45ef-aefb-13b5a50208e5', 'group_uid': '93e96a72-65f4-4fc9-af7d-a84864c216a6', 'role_uid': '9e7c812c-c063-4613-9776-31f635bd1c03', 'account_uid': '18ac5dc0-a6aa-4815-b896-a63ccadfef2d'}, {'uid': 'c56a7274-9edf-4987-a49d-bdbd713ae827', 'group_uid': '93e96a72-65f4-4fc9-af7d-a84864c216a6', 'role_uid': '6948d8e6-eca6-4c12-9241-a47db34db467', 'account_uid': '18ac5dc0-a6aa-4815-b896-a63ccadfef2d'}]",699
Kuber Mart Industries,29e0c016-7248-438b-ae88-7d1a5b782159,Success,"[{'uid': 'c7b87559-0957-4efd-bcd0-f133c0304b84', 'group_uid': '29e0c016-7248-438b-ae88-7d1a5b782159', 'role_uid': '1544916c-0ce0-4042-a8e5-6e18042c73b7', 'account_uid': 'd87272ac-5410-44e3-9420-80e31152ab2b'}, {'uid': '7b929d15-5f0c-4b35-b6ce-17169ca13435', 'group_uid': '29e0c016-7248-438b-ae88-7d1a5b782159', 'role_uid': '9e7c812c-c063-4613-9776-31f635bd1c03', 'account_uid': 'd87272ac-5410-44e3-9420-80e31152ab2b'}, {'uid': '9eeb7a2a-9706-4a2c-bded-e14d24c89ecf', 'group_uid': '29e0c016-7248-438b-ae88-7d1a5b782159', 'role_uid': '6948d8e6-eca6-4c12-9241-a47db34db467', 'account_uid': 'd87272ac-5410-44e3-9420-80e31152ab2b'}]",705
Kushal'S Retail,648094b6-d5b0-42cf-804d-12603e0d2899,Success,"[{'uid': '758352d8-e847-4c43-9aa1-f7e7f3f97b2d', 'group_uid': '648094b6-d5b0-42cf-804d-12603e0d2899', 'role_uid': '1544916c-0ce0-4042-a8e5-6e18042c73b7', 'account_uid': 'edcbd729-20c8-43d9-9a8d-c487141c24f6'}, {'uid': '500d4537-1971-49b2-bd97-2721354b9a5f', 'group_uid': '648094b6-d5b0-42cf-804d-12603e0d2899', 'role_uid': '9e7c812c-c063-4613-9776-31f635bd1c03', 'account_uid': 'edcbd729-20c8-43d9-9a8d-c487141c24f6'}, {'uid': '3513dcf8-aa3a-4493-9852-9424062a9586', 'group_uid': '648094b6-d5b0-42cf-804d-12603e0d2899', 'role_uid': '6948d8e6-eca6-4c12-9241-a47db34db467', 'account_uid': 'edcbd729-20c8-43d9-9a8d-c487141c24f6'}]",710
Kutchina Home Makers,c68e70f5-bf5a-4cf3-a73d-99b3590e0ac0,Success,"[{'uid': '8dc5d6b0-236e-4757-b227-987d8b4f07af', 'group_uid': 'c68e70f5-bf5a-4cf3-a73d-99b3590e0ac0', 'role_uid': '1544916c-0ce0-4042-a8e5-6e18042c73b7', 'account_uid': '3081eb0a-28a4-455c-9735-86ed11af6834'}, {'uid': '46d2da6a-1621-431d-a29b-8c9922b28b5e', 'group_uid': 'c68e70f5-bf5a-4cf3-a73d-99b3590e0ac0', 'role_uid': '9e7c812c-c063-4613-9776-31f635bd1c03', 'account_uid': '3081eb0a-28a4-455c-9735-86ed11af6834'}, {'uid': '1e84dbd6-8612-4f45-9784-b9e9d56acd85', 'group_uid': 'c68e70f5-bf5a-4cf3-a73d-99b3590e0ac0', 'role_uid': '6948d8e6-eca6-4c12-9241-a47db34db467', 'account_uid': '3081eb0a-28a4-455c-9735-86ed11af6834'}]",714
Kwick Living,9e33dc45-7a17-439e-b5c9-7ae6dd022bac,Success,"[{'uid': '6bb2cb15-9770-407c-87d0-5dda0ae97414', 'group_uid': '9e33dc45-7a17-439e-b5c9-7ae6dd022bac', 'role_uid': '1544916c-0ce0-4042-a8e5-6e18042c73b7', 'account_uid': '4a479acb-104a-4c29-a4f8-fb36b505307a'}, {'uid': '1d0f1d4d-bb18-4426-89e6-e17e18d3e896', 'group_uid': '9e33dc45-7a17-439e-b5c9-7ae6dd022bac', 'role_uid': '9e7c812c-c063-4613-9776-31f635bd1c03', 'account_uid': '4a479acb-104a-4c29-a4f8-fb36b505307a'}, {'uid': 'ed9e1be6-a0a0-4fdc-9639-a2ea7859598b', 'group_uid': '9e33dc45-7a17-439e-b5c9-7ae6dd022bac', 'role_uid': '6948d8e6-eca6-4c12-9241-a47db34db467', 'account_uid': '4a479acb-104a-4c29-a4f8-fb36b505307a'}]",718
Lendingkart Technologies,b7575545-7c78-4143-9e81-afda1a6c37f9,Success,"[{'uid': '92679b95-cb8d-4665-8405-0ab8ff1b559c', 'group_uid': 'b7575545-7c78-4143-9e81-afda1a6c37f9', 'role_uid': '1544916c-0ce0-4042-a8e5-6e18042c73b7', 'account_uid': '6dbffaf9-25f0-43d5-83d7-0fbc13381c0d'}, {'uid': '973b4eef-d567-4298-a234-fbb745711067', 'group_uid': 'b7575545-7c78-4143-9e81-afda1a6c37f9', 'role_uid': '9e7c812c-c063-4613-9776-31f635bd1c03', 'account_uid': '6dbffaf9-25f0-43d5-83d7-0fbc13381c0d'}, {'uid': 'cbede4a9-ca7c-4f1a-bf2a-dab19a35488d', 'group_uid': 'b7575545-7c78-4143-9e81-afda1a6c37f9', 'role_uid': '6948d8e6-eca6-4c12-9241-a47db34db467', 'account_uid': '6dbffaf9-25f0-43d5-83d7-0fbc13381c0d'}]",724
Lakme Lever,be9c7287-445c-476c-a1fb-56abad66036f,Success,"[{'uid': '6308317f-5cb8-4b93-83eb-2f7f4b04cbe4', 'group_uid': 'be9c7287-445c-476c-a1fb-56abad66036f', 'role_uid': '1544916c-0ce0-4042-a8e5-6e18042c73b7', 'account_uid': '460e9fa4-307a-401c-b739-3cc920a2ec4e'}, {'uid': 'ccf8ffdf-7196-4576-8da5-a56972e1de2c', 'group_uid': 'be9c7287-445c-476c-a1fb-56abad66036f', 'role_uid': '9e7c812c-c063-4613-9776-31f635bd1c03', 'account_uid': '460e9fa4-307a-401c-b739-3cc920a2ec4e'}, {'uid': '5588e1f5-ea82-4c22-bd1c-29a717ddd379', 'group_uid': 'be9c7287-445c-476c-a1fb-56abad66036f', 'role_uid': '6948d8e6-eca6-4c12-9241-a47db34db467', 'account_uid': '460e9fa4-307a-401c-b739-3cc920a2ec4e'}]",730
Living Entertainment Enterprises,67373954-af88-4931-a128-6d7085ff80fe,Success,"[{'uid': '774aae9e-b5bd-470e-bc90-7130c58ebf26', 'group_uid': '67373954-af88-4931-a128-6d7085ff80fe', 'role_uid': '1544916c-0ce0-4042-a8e5-6e18042c73b7', 'account_uid': '4461508c-81ce-44f0-90b6-8c384cfa01ef'}, {'uid': 'ab1d93d1-d50b-465c-bff0-754611b5d31a', 'group_uid': '67373954-af88-4931-a128-6d7085ff80fe', 'role_uid': '9e7c812c-c063-4613-9776-31f635bd1c03', 'account_uid': '4461508c-81ce-44f0-90b6-8c384cfa01ef'}, {'uid': 'ef50be57-db56-43ae-b9b2-3fef5b1ebd9a', 'group_uid': '67373954-af88-4931-a128-6d7085ff80fe', 'role_uid': '6948d8e6-eca6-4c12-9241-a47db34db467', 'account_uid': '4461508c-81ce-44f0-90b6-8c384cfa01ef'}]",736
Lionsgate Play,0916d388-5645-4e53-a9e1-cfd8fe8b46d5,Success,"[{'uid': '9025709d-9fc7-4a42-bb0a-46e6cff949dc', 'group_uid': '0916d388-5645-4e53-a9e1-cfd8fe8b46d5', 'role_uid': '1544916c-0ce0-4042-a8e5-6e18042c73b7', 'account_uid': '7c04ec2b-d7e4-4a45-8dab-2aa2da6e3086'}, {'uid': '4e9a7ebf-4d9b-49b7-9bc7-154a8406de3f', 'group_uid': '0916d388-5645-4e53-a9e1-cfd8fe8b46d5', 'role_uid': '9e7c812c-c063-4613-9776-31f635bd1c03', 'account_uid': '7c04ec2b-d7e4-4a45-8dab-2aa2da6e3086'}, {'uid': 'f395d699-2583-49e1-a8f9-00bbc93b1384', 'group_uid': '0916d388-5645-4e53-a9e1-cfd8fe8b46d5', 'role_uid': '6948d8e6-eca6-4c12-9241-a47db34db467', 'account_uid': '7c04ec2b-d7e4-4a45-8dab-2aa2da6e3086'}]",740
Lucknow International Airport,3755ff3a-8af4-4ab2-b1eb-fe83c4c147cc,Success,"[{'uid': 'c5561bf8-6bd8-489a-a863-fc069cd5e963', 'group_uid': '3755ff3a-8af4-4ab2-b1eb-fe83c4c147cc', 'role_uid': '1544916c-0ce0-4042-a8e5-6e18042c73b7', 'account_uid': '0f5bb798-b05c-4073-90f0-5cd6f1dbc9ab'}, {'uid': '719a445e-ece6-4a03-afe7-f72591ff24bc', 'group_uid': '3755ff3a-8af4-4ab2-b1eb-fe83c4c147cc', 'role_uid': '9e7c812c-c063-4613-9776-31f635bd1c03', 'account_uid': '0f5bb798-b05c-4073-90f0-5cd6f1dbc9ab'}, {'uid': '01e43381-5308-47e3-adb9-d66363ad98ca', 'group_uid': '3755ff3a-8af4-4ab2-b1eb-fe83c4c147cc', 'role_uid': '6948d8e6-eca6-4c12-9241-a47db34db467', 'account_uid': '0f5bb798-b05c-4073-90f0-5cd6f1dbc9ab'}]",744
Life Insurance Council,95f88147-dd3a-4fad-9fb1-d5dd42c7e690,Success,"[{'uid': 'ea5b945a-3468-470c-a136-806005f77014', 'group_uid': '95f88147-dd3a-4fad-9fb1-d5dd42c7e690', 'role_uid': '1544916c-0ce0-4042-a8e5-6e18042c73b7', 'account_uid': 'c7dced47-abfa-4674-862d-94a576fd5cc1'}, {'uid': '0043821f-2075-4af1-93a2-956d22324e9f', 'group_uid': '95f88147-dd3a-4fad-9fb1-d5dd42c7e690', 'role_uid': '9e7c812c-c063-4613-9776-31f635bd1c03', 'account_uid': 'c7dced47-abfa-4674-862d-94a576fd5cc1'}, {'uid': '0503aaef-bae0-48db-8a54-8edeb244fd82', 'group_uid': '95f88147-dd3a-4fad-9fb1-d5dd42c7e690', 'role_uid': '6948d8e6-eca6-4c12-9241-a47db34db467', 'account_uid': 'c7dced47-abfa-4674-862d-94a576fd5cc1'}]",749
Mamta Health Institute For Mother And Child,05cd2e8f-20a8-42c9-af68-5f485d74370c,Success,"[{'uid': '2d5e000f-d013-48dc-893b-f91376eb5c05', 'group_uid': '05cd2e8f-20a8-42c9-af68-5f485d74370c', 'role_uid': '1544916c-0ce0-4042-a8e5-6e18042c73b7', 'account_uid': 'f92b7c62-1c07-4392-81a2-e01d40d607d3'}, {'uid': 'c01e8c15-5e9d-4433-963d-f46e7d7d431a', 'group_uid': '05cd2e8f-20a8-42c9-af68-5f485d74370c', 'role_uid': '9e7c812c-c063-4613-9776-31f635bd1c03', 'account_uid': 'f92b7c62-1c07-4392-81a2-e01d40d607d3'}, {'uid': '4fa02f3e-5dbe-44bc-86db-1d35605a811c', 'group_uid': '05cd2e8f-20a8-42c9-af68-5f485d74370c', 'role_uid': '6948d8e6-eca6-4c12-9241-a47db34db467', 'account_uid': 'f92b7c62-1c07-4392-81a2-e01d40d607d3'}]",756
M Media Group,4c30760d-f1d0-4707-9bda-c3849ff0605c,Success,"[{'uid': 'ca52674e-8b48-495c-b060-37f141fa76fe', 'group_uid': '4c30760d-f1d0-4707-9bda-c3849ff0605c', 'role_uid': '1544916c-0ce0-4042-a8e5-6e18042c73b7', 'account_uid': 'ea7eeb53-b43a-4fe2-a19f-c4a120f5cf3c'}, {'uid': 'aa07d727-fc90-42cd-9ae4-f7462e17e885', 'group_uid': '4c30760d-f1d0-4707-9bda-c3849ff0605c', 'role_uid': '9e7c812c-c063-4613-9776-31f635bd1c03', 'account_uid': 'ea7eeb53-b43a-4fe2-a19f-c4a120f5cf3c'}, {'uid': '621c41ce-eaea-4de3-b4a0-6e797b39f701', 'group_uid': '4c30760d-f1d0-4707-9bda-c3849ff0605c', 'role_uid': '6948d8e6-eca6-4c12-9241-a47db34db467', 'account_uid': 'ea7eeb53-b43a-4fe2-a19f-c4a120f5cf3c'}]",760
Make My Trip,625446f9-7a8b-41c8-831c-7962813db7ac,Success,"[{'uid': '48942ae0-8d8c-4933-95f2-51e4ecd4a49d', 'group_uid': '625446f9-7a8b-41c8-831c-7962813db7ac', 'role_uid': '1544916c-0ce0-4042-a8e5-6e18042c73b7', 'account_uid': 'e1bf16e8-0045-4733-ba68-ffe13ad816cc'}, {'uid': '166207c6-b5f6-47b8-a663-c3e10febf40d', 'group_uid': '625446f9-7a8b-41c8-831c-7962813db7ac', 'role_uid': '9e7c812c-c063-4613-9776-31f635bd1c03', 'account_uid': 'e1bf16e8-0045-4733-ba68-ffe13ad816cc'}, {'uid': 'fc6ce1a3-c18f-4455-a75d-20179ede065e', 'group_uid': '625446f9-7a8b-41c8-831c-7962813db7ac', 'role_uid': '6948d8e6-eca6-4c12-9241-a47db34db467', 'account_uid': 'e1bf16e8-0045-4733-ba68-ffe13ad816cc'}]",764
Manak Waste Management,779dfed9-3835-4213-bbab-da88350648b8,Success,"[{'uid': '09d46d7a-8a74-4672-9940-545fa1da300f', 'group_uid': '779dfed9-3835-4213-bbab-da88350648b8', 'role_uid': '1544916c-0ce0-4042-a8e5-6e18042c73b7', 'account_uid': '1323b9ee-12ad-4a2d-a107-67e8b9cfe645'}, {'uid': 'ea5a551f-f443-422d-b463-fd232782b4b6', 'group_uid': '779dfed9-3835-4213-bbab-da88350648b8', 'role_uid': '9e7c812c-c063-4613-9776-31f635bd1c03', 'account_uid': '1323b9ee-12ad-4a2d-a107-67e8b9cfe645'}, {'uid': '59954190-7797-49e5-a165-311853924be3', 'group_uid': '779dfed9-3835-4213-bbab-da88350648b8', 'role_uid': '6948d8e6-eca6-4c12-9241-a47db34db467', 'account_uid': '1323b9ee-12ad-4a2d-a107-67e8b9cfe645'}]",768
Manash Lifestyle,7e3eb479-da8c-4df8-8c72-042c0cda4789,Success,"[{'uid': '0336f37e-b6a4-4ce9-9d93-593aeced8be8', 'group_uid': '7e3eb479-da8c-4df8-8c72-042c0cda4789', 'role_uid': '1544916c-0ce0-4042-a8e5-6e18042c73b7', 'account_uid': 'adbc01ab-b9c7-495d-8bbd-b46a4e12f5f2'}, {'uid': 'ef7b2eb6-a8ca-42bc-965a-80896516893d', 'group_uid': '7e3eb479-da8c-4df8-8c72-042c0cda4789', 'role_uid': '9e7c812c-c063-4613-9776-31f635bd1c03', 'account_uid': 'adbc01ab-b9c7-495d-8bbd-b46a4e12f5f2'}, {'uid': '6c8cb381-0d39-465a-bf11-b97b8ef3df14', 'group_uid': '7e3eb479-da8c-4df8-8c72-042c0cda4789', 'role_uid': '6948d8e6-eca6-4c12-9241-a47db34db467', 'account_uid': 'adbc01ab-b9c7-495d-8bbd-b46a4e12f5f2'}]",774
Manipalcigna Health Insurance Company,5807e16a-d5f3-4ce7-9d22-646d38006f8f,Success,"[{'uid': '07784b6b-2749-4c5c-ac46-6785b7626541', 'group_uid': '5807e16a-d5f3-4ce7-9d22-646d38006f8f', 'role_uid': '1544916c-0ce0-4042-a8e5-6e18042c73b7', 'account_uid': '285c39ae-3cd5-43dc-8507-d5fd291999e7'}, {'uid': 'b76f1256-9a74-45c9-84d2-5d2292269fd3', 'group_uid': '5807e16a-d5f3-4ce7-9d22-646d38006f8f', 'role_uid': '9e7c812c-c063-4613-9776-31f635bd1c03', 'account_uid': '285c39ae-3cd5-43dc-8507-d5fd291999e7'}, {'uid': '824debc2-3ced-44ee-9633-bf148f803e62', 'group_uid': '5807e16a-d5f3-4ce7-9d22-646d38006f8f', 'role_uid': '6948d8e6-eca6-4c12-9241-a47db34db467', 'account_uid': '285c39ae-3cd5-43dc-8507-d5fd291999e7'}]",778
Marshall Group Ab,748c36f9-4858-4609-bd46-7cab4b7b145f,Success,"[{'uid': '896ad7f5-5afb-4932-a458-afdf614029aa', 'group_uid': '748c36f9-4858-4609-bd46-7cab4b7b145f', 'role_uid': '1544916c-0ce0-4042-a8e5-6e18042c73b7', 'account_uid': 'd417ee36-9acf-4d33-9910-2e7e9cde8147'}, {'uid': 'e1554918-37a0-4f98-bef0-bfe93c5a9447', 'group_uid': '748c36f9-4858-4609-bd46-7cab4b7b145f', 'role_uid': '9e7c812c-c063-4613-9776-31f635bd1c03', 'account_uid': 'd417ee36-9acf-4d33-9910-2e7e9cde8147'}, {'uid': '1f49376e-ef49-4082-8d44-23e4705552e2', 'group_uid': '748c36f9-4858-4609-bd46-7cab4b7b145f', 'role_uid': '6948d8e6-eca6-4c12-9241-a47db34db467', 'account_uid': 'd417ee36-9acf-4d33-9910-2e7e9cde8147'}]",787
Mashal Sports,586ef921-e624-4380-a871-9b24fcc9508b,Success,"[{'uid': '71b80139-5fda-40ae-b216-927ae95fae40', 'group_uid': '586ef921-e624-4380-a871-9b24fcc9508b', 'role_uid': '1544916c-0ce0-4042-a8e5-6e18042c73b7', 'account_uid': 'c189de17-6ff1-49d3-8d31-44cfc22675ee'}, {'uid': '6cf84178-0cd4-476f-bfd1-59d29a555797', 'group_uid': '586ef921-e624-4380-a871-9b24fcc9508b', 'role_uid': '9e7c812c-c063-4613-9776-31f635bd1c03', 'account_uid': 'c189de17-6ff1-49d3-8d31-44cfc22675ee'}, {'uid': '41e155e2-b406-41f8-95e1-ea5e5047a11f', 'group_uid': '586ef921-e624-4380-a871-9b24fcc9508b', 'role_uid': '6948d8e6-eca6-4c12-9241-a47db34db467', 'account_uid': 'c189de17-6ff1-49d3-8d31-44cfc22675ee'}]",791
Max Hypermarket India,7176de6c-c09a-416f-be79-1d0adfacb52d,Success,"[{'uid': '0a22deb0-cf47-4afb-a0a4-4e4165ed05a3', 'group_uid': '7176de6c-c09a-416f-be79-1d0adfacb52d', 'role_uid': '1544916c-0ce0-4042-a8e5-6e18042c73b7', 'account_uid': '871ec4d1-da36-472d-b56a-1002d935d44a'}, {'uid': '7ff88616-9ad9-4459-928f-30fd63b879a5', 'group_uid': '7176de6c-c09a-416f-be79-1d0adfacb52d', 'role_uid': '9e7c812c-c063-4613-9776-31f635bd1c03', 'account_uid': '871ec4d1-da36-472d-b56a-1002d935d44a'}, {'uid': '821b3c33-873c-4e75-95c0-aee22d165bbb', 'group_uid': '7176de6c-c09a-416f-be79-1d0adfacb52d', 'role_uid': '6948d8e6-eca6-4c12-9241-a47db34db467', 'account_uid': '871ec4d1-da36-472d-b56a-1002d935d44a'}]",796
Media Credit,d9cb7ff3-7985-4953-a779-a156d4656cc9,Success,"[{'uid': '815b7cd1-5094-4635-821b-b9e22c3dc978', 'group_uid': 'd9cb7ff3-7985-4953-a779-a156d4656cc9', 'role_uid': '1544916c-0ce0-4042-a8e5-6e18042c73b7', 'account_uid': 'b7f601e3-2171-4203-8d39-09ea16640a08'}, {'uid': '16c202e9-3029-471d-a42e-cd2844a0d166', 'group_uid': 'd9cb7ff3-7985-4953-a779-a156d4656cc9', 'role_uid': '9e7c812c-c063-4613-9776-31f635bd1c03', 'account_uid': 'b7f601e3-2171-4203-8d39-09ea16640a08'}, {'uid': 'e67587b4-3298-41bf-b8bf-56023b0a6885', 'group_uid': 'd9cb7ff3-7985-4953-a779-a156d4656cc9', 'role_uid': '6948d8e6-eca6-4c12-9241-a47db34db467', 'account_uid': 'b7f601e3-2171-4203-8d39-09ea16640a08'}]",806
Marico,bf2e6004-0062-4d7a-8fee-a53712a89ae4,422 - Already Exists,"❌ Failed to patch roles for existing group bf2e6004-0062-4d7a-8fee-a53712a89ae4: Patch roles failed: 422 - {""code"":422,""message"":""Item with (group_id, role_id, account_id)=(bf2e6004-0062-4d7a-8fee-a53712a89ae4, 1544916c-0ce0-4042-a8e5-6e18042c73b7, 2a342476-e1d7-42f0-a06a-492da0d6c387) already exists""}",811
Mec National,c041e59f-ee18-43db-81ed-fa49b549e90a,Success,"[{'uid': '266360c6-7083-4f0e-bf29-88dd11e11510', 'group_uid': 'c041e59f-ee18-43db-81ed-fa49b549e90a', 'role_uid': '1544916c-0ce0-4042-a8e5-6e18042c73b7', 'account_uid': '5191cea7-3b13-45f0-823b-5071b95fff87'}, {'uid': '02d31fe4-4c13-4f4d-ab52-18c20f7438d1', 'group_uid': 'c041e59f-ee18-43db-81ed-fa49b549e90a', 'role_uid': '9e7c812c-c063-4613-9776-31f635bd1c03', 'account_uid': '5191cea7-3b13-45f0-823b-5071b95fff87'}, {'uid': '4fb09270-30d1-4f4b-a6d3-9016f106ff37', 'group_uid': 'c041e59f-ee18-43db-81ed-fa49b549e90a', 'role_uid': '6948d8e6-eca6-4c12-9241-a47db34db467', 'account_uid': '5191cea7-3b13-45f0-823b-5071b95fff87'}]",814
Maxus National,0ddd25fd-7716-4c64-9dee-5847f683cb42,Success,"[{'uid': 'a8fd6151-42e3-4a19-9fd4-35432ccb0c95', 'group_uid': '0ddd25fd-7716-4c64-9dee-5847f683cb42', 'role_uid': '1544916c-0ce0-4042-a8e5-6e18042c73b7', 'account_uid': 'dd5cb2d5-9fc1-4e23-aa20-399372a98c4a'}, {'uid': '9d92ef17-e713-4513-9164-2666a8504bb2', 'group_uid': '0ddd25fd-7716-4c64-9dee-5847f683cb42', 'role_uid': '9e7c812c-c063-4613-9776-31f635bd1c03', 'account_uid': 'dd5cb2d5-9fc1-4e23-aa20-399372a98c4a'}, {'uid': 'd3e7d1c9-a6da-4857-a4b1-926baedf008d', 'group_uid': '0ddd25fd-7716-4c64-9dee-5847f683cb42', 'role_uid': '6948d8e6-eca6-4c12-9241-a47db34db467', 'account_uid': 'dd5cb2d5-9fc1-4e23-aa20-399372a98c4a'}]",818
Max Bupa Health Insurance Company,4b21055c-cb31-4461-9310-ed008d912256,Success,"[{'uid': 'eaa97181-c753-4052-9427-a2018f5e9670', 'group_uid': '4b21055c-cb31-4461-9310-ed008d912256', 'role_uid': '1544916c-0ce0-4042-a8e5-6e18042c73b7', 'account_uid': 'cf7ecf80-00e8-4ca8-9e75-0fc02e92f9db'}, {'uid': '7936cc5c-88f4-481c-b5b5-69773e00a51f', 'group_uid': '4b21055c-cb31-4461-9310-ed008d912256', 'role_uid': '9e7c812c-c063-4613-9776-31f635bd1c03', 'account_uid': 'cf7ecf80-00e8-4ca8-9e75-0fc02e92f9db'}, {'uid': '08d9fee7-0d42-41cc-bafb-01812932f20f', 'group_uid': '4b21055c-cb31-4461-9310-ed008d912256', 'role_uid': '6948d8e6-eca6-4c12-9241-a47db34db467', 'account_uid': 'cf7ecf80-00e8-4ca8-9e75-0fc02e92f9db'}]",822
Merck,00f6cee2-4035-45cc-a358-4fc13475c29b,Success,"[{'uid': 'a90144f6-bc0d-477f-9958-d76d0083fd12', 'group_uid': '00f6cee2-4035-45cc-a358-4fc13475c29b', 'role_uid': '1544916c-0ce0-4042-a8e5-6e18042c73b7', 'account_uid': 'f6261e98-b545-4830-9bd4-bbe66223d213'}, {'uid': 'f2a0f47b-3870-45d0-8beb-3cba1ee80208', 'group_uid': '00f6cee2-4035-45cc-a358-4fc13475c29b', 'role_uid': '9e7c812c-c063-4613-9776-31f635bd1c03', 'account_uid': 'f6261e98-b545-4830-9bd4-bbe66223d213'}, {'uid': 'fe0b3e24-19d6-4e6c-b616-1ccbdf2cb3d1', 'group_uid': '00f6cee2-4035-45cc-a358-4fc13475c29b', 'role_uid': '6948d8e6-eca6-4c12-9241-a47db34db467', 'account_uid': 'f6261e98-b545-4830-9bd4-bbe66223d213'}]",826
Marico,ebf0072f-304c-4da6-bd83-2dd6f2757656,Success,"[{'uid': '1d9cd51e-e98c-4e7c-990d-03e1bfd38fc8', 'group_uid': 'ebf0072f-304c-4da6-bd83-2dd6f2757656', 'role_uid': '1544916c-0ce0-4042-a8e5-6e18042c73b7', 'account_uid': '2a342476-e1d7-42f0-a06a-492da0d6c387'}, {'uid': '3cd57d75-ccc6-46ec-b2a6-c71df1796ef2', 'group_uid': 'ebf0072f-304c-4da6-bd83-2dd6f2757656', 'role_uid': '9e7c812c-c063-4613-9776-31f635bd1c03', 'account_uid': '2a342476-e1d7-42f0-a06a-492da0d6c387'}, {'uid': '1ccebb0f-8913-4e26-ac76-8eebbe3ff38b', 'group_uid': 'ebf0072f-304c-4da6-bd83-2dd6f2757656', 'role_uid': '6948d8e6-eca6-4c12-9241-a47db34db467', 'account_uid': '2a342476-e1d7-42f0-a06a-492da0d6c387'}]",830
Meragi Events E-Commerce,373025ce-e1a1-4ef6-9128-d0646b10b9fb,Success,"[{'uid': 'a11a15e4-a2ae-48ec-bada-f2e93e0ad042', 'group_uid': '373025ce-e1a1-4ef6-9128-d0646b10b9fb', 'role_uid': '1544916c-0ce0-4042-a8e5-6e18042c73b7', 'account_uid': '5059f65e-97f6-405a-b1a1-3ec4e846a8f0'}, {'uid': 'a611d3f2-2067-4127-ae13-3753865b6597', 'group_uid': '373025ce-e1a1-4ef6-9128-d0646b10b9fb', 'role_uid': '9e7c812c-c063-4613-9776-31f635bd1c03', 'account_uid': '5059f65e-97f6-405a-b1a1-3ec4e846a8f0'}, {'uid': '3e187c3e-056d-43c3-b54e-3db74b659247', 'group_uid': '373025ce-e1a1-4ef6-9128-d0646b10b9fb', 'role_uid': '6948d8e6-eca6-4c12-9241-a47db34db467', 'account_uid': '5059f65e-97f6-405a-b1a1-3ec4e846a8f0'}]",834
Merino Industries,29264550-c2a1-4e56-954f-f0be83a5d233,Success,"[{'uid': '3d038cd6-fc4f-4ee9-916d-b74114ac4862', 'group_uid': '29264550-c2a1-4e56-954f-f0be83a5d233', 'role_uid': '1544916c-0ce0-4042-a8e5-6e18042c73b7', 'account_uid': '9870ba4e-42e0-4cdd-99bf-75c72a40b6ec'}, {'uid': '16b748c5-39dc-47c0-ae37-1d36f8d02eff', 'group_uid': '29264550-c2a1-4e56-954f-f0be83a5d233', 'role_uid': '9e7c812c-c063-4613-9776-31f635bd1c03', 'account_uid': '9870ba4e-42e0-4cdd-99bf-75c72a40b6ec'}, {'uid': '6ce40e00-06a3-4bc0-aa63-194a4cfaeaf6', 'group_uid': '29264550-c2a1-4e56-954f-f0be83a5d233', 'role_uid': '6948d8e6-eca6-4c12-9241-a47db34db467', 'account_uid': '9870ba4e-42e0-4cdd-99bf-75c72a40b6ec'}]",841
Mjunction,367d860f-7a69-4234-b549-b4f83cddf1fe,Success,"[{'uid': '4915ed6a-4bf3-4904-8280-ce11cfeef06e', 'group_uid': '367d860f-7a69-4234-b549-b4f83cddf1fe', 'role_uid': '1544916c-0ce0-4042-a8e5-6e18042c73b7', 'account_uid': '8f93543f-fd8a-4491-9cb2-0240407f1079'}, {'uid': '4fae6905-ed7a-4ec7-8366-8c5c0490cf25', 'group_uid': '367d860f-7a69-4234-b549-b4f83cddf1fe', 'role_uid': '9e7c812c-c063-4613-9776-31f635bd1c03', 'account_uid': '8f93543f-fd8a-4491-9cb2-0240407f1079'}, {'uid': '516a5358-7c02-4a4c-a723-796d354edda0', 'group_uid': '367d860f-7a69-4234-b549-b4f83cddf1fe', 'role_uid': '6948d8e6-eca6-4c12-9241-a47db34db467', 'account_uid': '8f93543f-fd8a-4491-9cb2-0240407f1079'}]",845
Mobile Creches For Working Mother'S Children,6a6d22f7-ca7f-4c0b-8a74-a9ef040804da,Success,"[{'uid': 'fdd87688-be55-4efd-9b4d-60e3029fa101', 'group_uid': '6a6d22f7-ca7f-4c0b-8a74-a9ef040804da', 'role_uid': '1544916c-0ce0-4042-a8e5-6e18042c73b7', 'account_uid': '7dc55bf2-fceb-4078-b1bd-7f460a984f67'}, {'uid': '67651243-e4bf-4e56-b2b6-8a70faa52006', 'group_uid': '6a6d22f7-ca7f-4c0b-8a74-a9ef040804da', 'role_uid': '9e7c812c-c063-4613-9776-31f635bd1c03', 'account_uid': '7dc55bf2-fceb-4078-b1bd-7f460a984f67'}, {'uid': '69a02552-5150-4d3b-a565-cf4d1f90f492', 'group_uid': '6a6d22f7-ca7f-4c0b-8a74-a9ef040804da', 'role_uid': '6948d8e6-eca6-4c12-9241-a47db34db467', 'account_uid': '7dc55bf2-fceb-4078-b1bd-7f460a984f67'}]",849
Moneylicious Securities,1cf78f3e-32ed-4df6-941b-b9342f75daed,Success,"[{'uid': '20d2934f-df25-4079-b48b-2fd16ef14ad0', 'group_uid': '1cf78f3e-32ed-4df6-941b-b9342f75daed', 'role_uid': '1544916c-0ce0-4042-a8e5-6e18042c73b7', 'account_uid': '02efcb61-ceed-4a84-8473-7e7b9ebdf9e0'}, {'uid': 'e57f7047-15d3-4784-a22c-1de2a717cde4', 'group_uid': '1cf78f3e-32ed-4df6-941b-b9342f75daed', 'role_uid': '9e7c812c-c063-4613-9776-31f635bd1c03', 'account_uid': '02efcb61-ceed-4a84-8473-7e7b9ebdf9e0'}, {'uid': '4d62bc4e-8c62-4f40-a7d3-c1fc1bff335d', 'group_uid': '1cf78f3e-32ed-4df6-941b-b9342f75daed', 'role_uid': '6948d8e6-eca6-4c12-9241-a47db34db467', 'account_uid': '02efcb61-ceed-4a84-8473-7e7b9ebdf9e0'}]",858
Modicare,7557aaad-2942-495d-9fc9-c51d0f34fbe2,Success,"[{'uid': 'cf13f787-052d-4438-ac83-1105079cfb1f', 'group_uid': '7557aaad-2942-495d-9fc9-c51d0f34fbe2', 'role_uid': '1544916c-0ce0-4042-a8e5-6e18042c73b7', 'account_uid': '6a852030-55b5-40f2-86ad-5db737d71a7f'}, {'uid': '0aadbdf1-44ef-40bb-a632-c6ec50116dab', 'group_uid': '7557aaad-2942-495d-9fc9-c51d0f34fbe2', 'role_uid': '9e7c812c-c063-4613-9776-31f635bd1c03', 'account_uid': '6a852030-55b5-40f2-86ad-5db737d71a7f'}, {'uid': '451700bb-ecb0-42c1-9ad5-36de616ef677', 'group_uid': '7557aaad-2942-495d-9fc9-c51d0f34fbe2', 'role_uid': '6948d8e6-eca6-4c12-9241-a47db34db467', 'account_uid': '6a852030-55b5-40f2-86ad-5db737d71a7f'}]",862
Modi Illva,991b77b1-258e-4ddb-9987-f8d7eb6533f2,Success,"[{'uid': '52b62c0b-bf41-4d71-8975-7de86688963d', 'group_uid': '991b77b1-258e-4ddb-9987-f8d7eb6533f2', 'role_uid': '1544916c-0ce0-4042-a8e5-6e18042c73b7', 'account_uid': 'da92a2ec-829a-42da-8f4f-8d29648e469b'}, {'uid': '9643999d-b455-40a7-905a-3705c2721200', 'group_uid': '991b77b1-258e-4ddb-9987-f8d7eb6533f2', 'role_uid': '9e7c812c-c063-4613-9776-31f635bd1c03', 'account_uid': 'da92a2ec-829a-42da-8f4f-8d29648e469b'}, {'uid': '294e9353-54ad-40c1-951e-5b86f8f7d3c1', 'group_uid': '991b77b1-258e-4ddb-9987-f8d7eb6533f2', 'role_uid': '6948d8e6-eca6-4c12-9241-a47db34db467', 'account_uid': 'da92a2ec-829a-42da-8f4f-8d29648e469b'}]",867
Monte Carlo Fashions,480a0a4b-9bf9-4d0d-b77e-c4981085924b,Success,"[{'uid': '4b97d337-b3fd-4550-9c90-17c37193b178', 'group_uid': '480a0a4b-9bf9-4d0d-b77e-c4981085924b', 'role_uid': '1544916c-0ce0-4042-a8e5-6e18042c73b7', 'account_uid': '3605a063-f5bd-40ba-8591-9ba51ee0d6a5'}, {'uid': '8b716f17-1c99-400a-876f-ec96f74e8ea7', 'group_uid': '480a0a4b-9bf9-4d0d-b77e-c4981085924b', 'role_uid': '9e7c812c-c063-4613-9776-31f635bd1c03', 'account_uid': '3605a063-f5bd-40ba-8591-9ba51ee0d6a5'}, {'uid': '95673e9f-28e6-43d2-a7e1-f18083dcff06', 'group_uid': '480a0a4b-9bf9-4d0d-b77e-c4981085924b', 'role_uid': '6948d8e6-eca6-4c12-9241-a47db34db467', 'account_uid': '3605a063-f5bd-40ba-8591-9ba51ee0d6a5'}]",871
Monginis Foods,8014252b-1c43-4ea2-8029-567dcf3caf09,Success,"[{'uid': '9047a526-0f5e-4f4d-8308-48457b3c7b06', 'group_uid': '8014252b-1c43-4ea2-8029-567dcf3caf09', 'role_uid': '1544916c-0ce0-4042-a8e5-6e18042c73b7', 'account_uid': 'd55d8363-bd5a-4a24-883c-3a5521db6e64'}, {'uid': 'ab65f256-fd06-4b1d-b031-fb0fe080a5c3', 'group_uid': '8014252b-1c43-4ea2-8029-567dcf3caf09', 'role_uid': '9e7c812c-c063-4613-9776-31f635bd1c03', 'account_uid': 'd55d8363-bd5a-4a24-883c-3a5521db6e64'}, {'uid': 'fc4fe18b-d970-4af9-8303-7774b40ec379', 'group_uid': '8014252b-1c43-4ea2-8029-567dcf3caf09', 'role_uid': '6948d8e6-eca6-4c12-9241-a47db34db467', 'account_uid': 'd55d8363-bd5a-4a24-883c-3a5521db6e64'}]",875
Motivator National,1ddfce98-0a3c-4852-9ddb-d949e8b6cbbb,Success,"[{'uid': '40f40d3d-6c69-4210-aa90-1a2761c64b89', 'group_uid': '1ddfce98-0a3c-4852-9ddb-d949e8b6cbbb', 'role_uid': '1544916c-0ce0-4042-a8e5-6e18042c73b7', 'account_uid': 'b5abba1e-cad2-40b9-9cf3-ae57ee3d7dce'}, {'uid': '0b0c98fa-aff6-4f1b-b296-6a1de5317cde', 'group_uid': '1ddfce98-0a3c-4852-9ddb-d949e8b6cbbb', 'role_uid': '9e7c812c-c063-4613-9776-31f635bd1c03', 'account_uid': 'b5abba1e-cad2-40b9-9cf3-ae57ee3d7dce'}, {'uid': '32aaf1ab-3d63-4e74-9f72-328b3c593742', 'group_uid': '1ddfce98-0a3c-4852-9ddb-d949e8b6cbbb', 'role_uid': '6948d8e6-eca6-4c12-9241-a47db34db467', 'account_uid': 'b5abba1e-cad2-40b9-9cf3-ae57ee3d7dce'}]",879
Motor World,aa52075c-ba4a-4430-b777-b580dc8da1f5,Success,"[{'uid': 'd1c22979-1ade-4ee3-8738-2024b46f21f7', 'group_uid': 'aa52075c-ba4a-4430-b777-b580dc8da1f5', 'role_uid': '1544916c-0ce0-4042-a8e5-6e18042c73b7', 'account_uid': 'e16bbb6c-72db-4236-bf19-f641359bff2d'}, {'uid': '1acee2e6-bcc2-4c0a-9d29-87a52fc4bb67', 'group_uid': 'aa52075c-ba4a-4430-b777-b580dc8da1f5', 'role_uid': '9e7c812c-c063-4613-9776-31f635bd1c03', 'account_uid': 'e16bbb6c-72db-4236-bf19-f641359bff2d'}, {'uid': '3d2807d1-9df8-471a-9b7c-35ff7d51f62a', 'group_uid': 'aa52075c-ba4a-4430-b777-b580dc8da1f5', 'role_uid': '6948d8e6-eca6-4c12-9241-a47db34db467', 'account_uid': 'e16bbb6c-72db-4236-bf19-f641359bff2d'}]",886
More Retail,a13eaf77-bf8a-4222-a128-c024ac9a5e43,Success,"[{'uid': '767afb04-914a-439c-9e42-878a707de9ea', 'group_uid': 'a13eaf77-bf8a-4222-a128-c024ac9a5e43', 'role_uid': '1544916c-0ce0-4042-a8e5-6e18042c73b7', 'account_uid': '86eb2164-b8c9-4d38-a9b0-061ff687a2b7'}, {'uid': 'c1e5689b-40c6-4507-b0cb-05b3ae0e2b24', 'group_uid': 'a13eaf77-bf8a-4222-a128-c024ac9a5e43', 'role_uid': '9e7c812c-c063-4613-9776-31f635bd1c03', 'account_uid': '86eb2164-b8c9-4d38-a9b0-061ff687a2b7'}, {'uid': '867eaea1-2fed-43e6-b6eb-427132003b0e', 'group_uid': 'a13eaf77-bf8a-4222-a128-c024ac9a5e43', 'role_uid': '6948d8e6-eca6-4c12-9241-a47db34db467', 'account_uid': '86eb2164-b8c9-4d38-a9b0-061ff687a2b7'}]",890
Ms Neo National,aa4d3ed8-1933-413b-b845-0780b3f054cb,Success,"[{'uid': 'b3ee0f49-94d9-4bc2-ba1b-ecd53a2ea072', 'group_uid': 'aa4d3ed8-1933-413b-b845-0780b3f054cb', 'role_uid': '1544916c-0ce0-4042-a8e5-6e18042c73b7', 'account_uid': '3b44c399-2496-40c7-8a3a-d13d9aa4fe18'}, {'uid': '69417845-f8b5-4509-8bb7-ef3c8ad48c3b', 'group_uid': 'aa4d3ed8-1933-413b-b845-0780b3f054cb', 'role_uid': '9e7c812c-c063-4613-9776-31f635bd1c03', 'account_uid': '3b44c399-2496-40c7-8a3a-d13d9aa4fe18'}, {'uid': 'ad8f3cfa-7941-460d-9c2a-f3f5bc6f9f36', 'group_uid': 'aa4d3ed8-1933-413b-b845-0780b3f054cb', 'role_uid': '6948d8e6-eca6-4c12-9241-a47db34db467', 'account_uid': '3b44c399-2496-40c7-8a3a-d13d9aa4fe18'}]",894
Msix National,835a252e-b20d-4f83-bf29-cc8a8f8adc29,Success,"[{'uid': '08196d97-c095-4705-9135-7172b6407761', 'group_uid': '835a252e-b20d-4f83-bf29-cc8a8f8adc29', 'role_uid': '1544916c-0ce0-4042-a8e5-6e18042c73b7', 'account_uid': 'c55e92be-8951-4061-b1cb-bdc6bedc306b'}, {'uid': 'b4ff5f01-466e-4310-bc28-6c8375d1d0c0', 'group_uid': '835a252e-b20d-4f83-bf29-cc8a8f8adc29', 'role_uid': '9e7c812c-c063-4613-9776-31f635bd1c03', 'account_uid': 'c55e92be-8951-4061-b1cb-bdc6bedc306b'}, {'uid': 'ec93441f-1676-4e0b-8733-cd3697a2ad7d', 'group_uid': '835a252e-b20d-4f83-bf29-cc8a8f8adc29', 'role_uid': '6948d8e6-eca6-4c12-9241-a47db34db467', 'account_uid': 'c55e92be-8951-4061-b1cb-bdc6bedc306b'}]",901
Multipl Fintech Solutions,e17529bf-a493-47ef-9bd9-4685c902fc0c,Success,"[{'uid': 'b5461ecc-0c8c-409b-9113-ce304d5e038e', 'group_uid': 'e17529bf-a493-47ef-9bd9-4685c902fc0c', 'role_uid': '1544916c-0ce0-4042-a8e5-6e18042c73b7', 'account_uid': '4583c435-0688-4778-8616-d28ffdce61b7'}, {'uid': 'd8b2ee3d-ea83-4c2b-917f-b5c675317eec', 'group_uid': 'e17529bf-a493-47ef-9bd9-4685c902fc0c', 'role_uid': '9e7c812c-c063-4613-9776-31f635bd1c03', 'account_uid': '4583c435-0688-4778-8616-d28ffdce61b7'}, {'uid': '427635fc-1cf1-4065-a881-fa1bcc1e3688', 'group_uid': 'e17529bf-a493-47ef-9bd9-4685c902fc0c', 'role_uid': '6948d8e6-eca6-4c12-9241-a47db34db467', 'account_uid': '4583c435-0688-4778-8616-d28ffdce61b7'}]",907
Mukundhaa Network,70197869-6f72-44af-9fc6-31602d315ea4,Success,"[{'uid': '2ab29044-a838-41b2-8d27-e5c253c0f9ea', 'group_uid': '70197869-6f72-44af-9fc6-31602d315ea4', 'role_uid': '1544916c-0ce0-4042-a8e5-6e18042c73b7', 'account_uid': 'f34512c1-d66c-485b-87a3-defd0cb7cff6'}, {'uid': 'ea57637f-59b4-4e7a-9cb8-b95bac675fbd', 'group_uid': '70197869-6f72-44af-9fc6-31602d315ea4', 'role_uid': '9e7c812c-c063-4613-9776-31f635bd1c03', 'account_uid': 'f34512c1-d66c-485b-87a3-defd0cb7cff6'}, {'uid': '05a2c847-f572-43c6-a165-8d6550a7a001', 'group_uid': '70197869-6f72-44af-9fc6-31602d315ea4', 'role_uid': '6948d8e6-eca6-4c12-9241-a47db34db467', 'account_uid': 'f34512c1-d66c-485b-87a3-defd0cb7cff6'}]",911
Murugappa,ec4ddf15-10d6-47df-b544-63dea27afd51,Success,"[{'uid': '6fb6e43e-4727-4598-be0c-a1c4f7692d6b', 'group_uid': 'ec4ddf15-10d6-47df-b544-63dea27afd51', 'role_uid': '1544916c-0ce0-4042-a8e5-6e18042c73b7', 'account_uid': '82abb6b8-0e22-4db8-a9ca-8ee48611ade3'}, {'uid': 'bd43a52a-fa68-4d81-a3e2-0dfc0b59bb35', 'group_uid': 'ec4ddf15-10d6-47df-b544-63dea27afd51', 'role_uid': '9e7c812c-c063-4613-9776-31f635bd1c03', 'account_uid': '82abb6b8-0e22-4db8-a9ca-8ee48611ade3'}, {'uid': '9b651551-b36b-4807-bcca-984a461044f3', 'group_uid': 'ec4ddf15-10d6-47df-b544-63dea27afd51', 'role_uid': '6948d8e6-eca6-4c12-9241-a47db34db467', 'account_uid': '82abb6b8-0e22-4db8-a9ca-8ee48611ade3'}]",916
Narayana Health Insurance,e583536b-a139-4e07-b5c7-a58d59998a5f,Success,"[{'uid': '241a6803-7376-4a3d-8984-8ef77422fdbb', 'group_uid': 'e583536b-a139-4e07-b5c7-a58d59998a5f', 'role_uid': '1544916c-0ce0-4042-a8e5-6e18042c73b7', 'account_uid': '766f289e-4076-4a5b-a6b8-c3750b81dbbc'}, {'uid': '89b0737a-18d8-48e1-9f20-8151545f7378', 'group_uid': 'e583536b-a139-4e07-b5c7-a58d59998a5f', 'role_uid': '9e7c812c-c063-4613-9776-31f635bd1c03', 'account_uid': '766f289e-4076-4a5b-a6b8-c3750b81dbbc'}, {'uid': 'b93083a5-0e1d-4cff-8987-141d7ab2cc5f', 'group_uid': 'e583536b-a139-4e07-b5c7-a58d59998a5f', 'role_uid': '6948d8e6-eca6-4c12-9241-a47db34db467', 'account_uid': '766f289e-4076-4a5b-a6b8-c3750b81dbbc'}]",920
Naaptol Online Shopping,027a82df-605f-4979-9cb3-424a816c3951,Success,"[{'uid': '4ccbb7bd-9e67-492b-8acf-0302f8cbd094', 'group_uid': '027a82df-605f-4979-9cb3-424a816c3951', 'role_uid': '1544916c-0ce0-4042-a8e5-6e18042c73b7', 'account_uid': '927d4cd5-bea3-4ad1-bff9-0277954cbe0c'}, {'uid': '5a7d5c75-b706-4409-aac1-f35dce253c01', 'group_uid': '027a82df-605f-4979-9cb3-424a816c3951', 'role_uid': '9e7c812c-c063-4613-9776-31f635bd1c03', 'account_uid': '927d4cd5-bea3-4ad1-bff9-0277954cbe0c'}, {'uid': 'df78d40a-68ea-4f7a-932d-334b6a43ded5', 'group_uid': '027a82df-605f-4979-9cb3-424a816c3951', 'role_uid': '6948d8e6-eca6-4c12-9241-a47db34db467', 'account_uid': '927d4cd5-bea3-4ad1-bff9-0277954cbe0c'}]",924
NAGA,aecb1188-1095-45a4-9806-7d05c741de85,Success,"[{'uid': '42383b58-79ce-4843-808f-3dcd7c9dbdd0', 'group_uid': 'aecb1188-1095-45a4-9806-7d05c741de85', 'role_uid': '1544916c-0ce0-4042-a8e5-6e18042c73b7', 'account_uid': 'ef177de0-71ae-45e1-9732-60c504651bf0'}, {'uid': 'c2f0e4cd-35d8-40eb-840c-1de09000e169', 'group_uid': 'aecb1188-1095-45a4-9806-7d05c741de85', 'role_uid': '9e7c812c-c063-4613-9776-31f635bd1c03', 'account_uid': 'ef177de0-71ae-45e1-9732-60c504651bf0'}, {'uid': '7b7e73d5-4c5b-4985-b1fe-f07cdaac3f5a', 'group_uid': 'aecb1188-1095-45a4-9806-7d05c741de85', 'role_uid': '6948d8e6-eca6-4c12-9241-a47db34db467', 'account_uid': 'ef177de0-71ae-45e1-9732-60c504651bf0'}]",933
Natures Basket,29f1b1bd-8ef3-431c-a108-5d99c897c493,Success,"[{'uid': '65c71520-5e9e-4b26-b753-ebee3e2f34c9', 'group_uid': '29f1b1bd-8ef3-431c-a108-5d99c897c493', 'role_uid': '1544916c-0ce0-4042-a8e5-6e18042c73b7', 'account_uid': 'd11bd6ce-cef4-476d-a0b8-2d30f138c998'}, {'uid': 'd1f3ecc4-5794-41d3-9cc0-be2ec2aa4997', 'group_uid': '29f1b1bd-8ef3-431c-a108-5d99c897c493', 'role_uid': '9e7c812c-c063-4613-9776-31f635bd1c03', 'account_uid': 'd11bd6ce-cef4-476d-a0b8-2d30f138c998'}, {'uid': '0f35a414-6fa6-471b-8940-558d3e39a249', 'group_uid': '29f1b1bd-8ef3-431c-a108-5d99c897c493', 'role_uid': '6948d8e6-eca6-4c12-9241-a47db34db467', 'account_uid': 'd11bd6ce-cef4-476d-a0b8-2d30f138c998'}]",937
Natekar Sports And Gaming,003786dd-a43b-45d5-9408-7127b2eef6c1,Success,"[{'uid': '346b85ec-2adb-4ecb-b378-d19841aa8b07', 'group_uid': '003786dd-a43b-45d5-9408-7127b2eef6c1', 'role_uid': '1544916c-0ce0-4042-a8e5-6e18042c73b7', 'account_uid': '0355c19c-7b34-4b91-8f0e-cc7cbf577fc2'}, {'uid': '1c89aac6-8e4a-432b-83b6-35c1b6e3679b', 'group_uid': '003786dd-a43b-45d5-9408-7127b2eef6c1', 'role_uid': '9e7c812c-c063-4613-9776-31f635bd1c03', 'account_uid': '0355c19c-7b34-4b91-8f0e-cc7cbf577fc2'}, {'uid': 'b877452f-f6e6-44fc-96da-0b84a40cab49', 'group_uid': '003786dd-a43b-45d5-9408-7127b2eef6c1', 'role_uid': '6948d8e6-eca6-4c12-9241-a47db34db467', 'account_uid': '0355c19c-7b34-4b91-8f0e-cc7cbf577fc2'}]",942
Zydus Wellness,2f77cbba-c368-4597-ae98-e3972b462eb3,Success,"[{'uid': '9f9cfa0e-aabb-4d4d-8e8f-f55a6ee08632', 'group_uid': '2f77cbba-c368-4597-ae98-e3972b462eb3', 'role_uid': '1544916c-0ce0-4042-a8e5-6e18042c73b7', 'account_uid': '09ae54e1-7ff3-4cc5-b2aa-994005b03932'}, {'uid': 'fc13fe43-1306-4da1-9fa9-87ff05d0e69f', 'group_uid': '2f77cbba-c368-4597-ae98-e3972b462eb3', 'role_uid': '9e7c812c-c063-4613-9776-31f635bd1c03', 'account_uid': '09ae54e1-7ff3-4cc5-b2aa-994005b03932'}, {'uid': '660a3be9-8b0f-4393-a6df-5366e2371c97', 'group_uid': '2f77cbba-c368-4597-ae98-e3972b462eb3', 'role_uid': '6948d8e6-eca6-4c12-9241-a47db34db467', 'account_uid': '09ae54e1-7ff3-4cc5-b2aa-994005b03932'}]",946
Nehru Sidhant Kender Trust,72863ad1-20f1-4933-a4b7-ecedb56d353c,Success,"[{'uid': '6a1696ff-04d8-4409-8185-186ec5ce068b', 'group_uid': '72863ad1-20f1-4933-a4b7-ecedb56d353c', 'role_uid': '1544916c-0ce0-4042-a8e5-6e18042c73b7', 'account_uid': 'bf4d2f5d-36f2-4ef4-8eef-bd73a825963e'}, {'uid': '6d5012a9-a0f2-41af-ad99-792b6d94a4aa', 'group_uid': '72863ad1-20f1-4933-a4b7-ecedb56d353c', 'role_uid': '9e7c812c-c063-4613-9776-31f635bd1c03', 'account_uid': 'bf4d2f5d-36f2-4ef4-8eef-bd73a825963e'}, {'uid': 'e239cdff-1c91-485b-9fcd-a41239b7c5c0', 'group_uid': '72863ad1-20f1-4933-a4b7-ecedb56d353c', 'role_uid': '6948d8e6-eca6-4c12-9241-a47db34db467', 'account_uid': 'bf4d2f5d-36f2-4ef4-8eef-bd73a825963e'}]",949
Neo France,ea14ea4a-b986-448e-9271-d87fdd5beb61,Success,"[{'uid': '6454d515-de02-4fbc-9ccf-80ad58008d46', 'group_uid': 'ea14ea4a-b986-448e-9271-d87fdd5beb61', 'role_uid': '1544916c-0ce0-4042-a8e5-6e18042c73b7', 'account_uid': 'ded517ef-eebe-43b2-b201-bcb9c6dfecc6'}, {'uid': 'ee2b4b96-fadb-429e-a09a-d188ff9d2243', 'group_uid': 'ea14ea4a-b986-448e-9271-d87fdd5beb61', 'role_uid': '9e7c812c-c063-4613-9776-31f635bd1c03', 'account_uid': 'ded517ef-eebe-43b2-b201-bcb9c6dfecc6'}, {'uid': '87e78b37-3b18-4af8-a4de-fcfd67842db9', 'group_uid': 'ea14ea4a-b986-448e-9271-d87fdd5beb61', 'role_uid': '6948d8e6-eca6-4c12-9241-a47db34db467', 'account_uid': 'ded517ef-eebe-43b2-b201-bcb9c6dfecc6'}]",957
Neo Worldwide,bbc22f5f-209b-4800-bac7-5440dd798d4a,Success,"[{'uid': 'e2b6c4dd-d608-4cd9-9e46-83fa93d5568d', 'group_uid': 'bbc22f5f-209b-4800-bac7-5440dd798d4a', 'role_uid': '1544916c-0ce0-4042-a8e5-6e18042c73b7', 'account_uid': '2a59601a-2795-4ec6-a013-aa78ac189b38'}, {'uid': '17d3d232-400f-4d82-af85-90113bafc31a', 'group_uid': 'bbc22f5f-209b-4800-bac7-5440dd798d4a', 'role_uid': '9e7c812c-c063-4613-9776-31f635bd1c03', 'account_uid': '2a59601a-2795-4ec6-a013-aa78ac189b38'}, {'uid': 'cb6ccc76-3bc3-4b14-ad8d-3474b5d37538', 'group_uid': 'bbc22f5f-209b-4800-bac7-5440dd798d4a', 'role_uid': '6948d8e6-eca6-4c12-9241-a47db34db467', 'account_uid': '2a59601a-2795-4ec6-a013-aa78ac189b38'}]",961
Neuroequilibrium Diagnostic Systems,93d3d122-b2b4-4c9b-b097-9e466f4e7b22,Success,"[{'uid': 'b4f1df7a-aaa2-468a-b99b-87db9ada0cfa', 'group_uid': '93d3d122-b2b4-4c9b-b097-9e466f4e7b22', 'role_uid': '1544916c-0ce0-4042-a8e5-6e18042c73b7', 'account_uid': 'eab4d37c-467c-4c7a-971f-f1675df784c0'}, {'uid': 'dd293ccc-98e0-4db1-9e6f-fce5f409a2f6', 'group_uid': '93d3d122-b2b4-4c9b-b097-9e466f4e7b22', 'role_uid': '9e7c812c-c063-4613-9776-31f635bd1c03', 'account_uid': 'eab4d37c-467c-4c7a-971f-f1675df784c0'}, {'uid': '104db6b8-4a11-48b0-b2a9-c246ec09298b', 'group_uid': '93d3d122-b2b4-4c9b-b097-9e466f4e7b22', 'role_uid': '6948d8e6-eca6-4c12-9241-a47db34db467', 'account_uid': 'eab4d37c-467c-4c7a-971f-f1675df784c0'}]",965
New Bussinmcm Mcm Delhi,1bac8904-bf7a-4f9f-9b99-5be83ea63de6,Success,"[{'uid': '905576a1-16e0-4817-b5ae-5de04ed7f84f', 'group_uid': '1bac8904-bf7a-4f9f-9b99-5be83ea63de6', 'role_uid': '1544916c-0ce0-4042-a8e5-6e18042c73b7', 'account_uid': '788b2345-5330-4020-b26c-644f41a4b1f4'}, {'uid': '607e0433-7b7c-4b5d-85c2-a85b5b3a0ab2', 'group_uid': '1bac8904-bf7a-4f9f-9b99-5be83ea63de6', 'role_uid': '9e7c812c-c063-4613-9776-31f635bd1c03', 'account_uid': '788b2345-5330-4020-b26c-644f41a4b1f4'}, {'uid': '3e484b1d-799b-4085-b45e-726425546b92', 'group_uid': '1bac8904-bf7a-4f9f-9b99-5be83ea63de6', 'role_uid': '6948d8e6-eca6-4c12-9241-a47db34db467', 'account_uid': '788b2345-5330-4020-b26c-644f41a4b1f4'}]",970
New Zealand Tourism Board,9da5e63e-1305-4645-9157-a2ebf322dc0a,Success,"[{'uid': 'fc94014d-e790-49a7-b16a-4451c77b5e45', 'group_uid': '9da5e63e-1305-4645-9157-a2ebf322dc0a', 'role_uid': '1544916c-0ce0-4042-a8e5-6e18042c73b7', 'account_uid': 'ba9830bb-2b58-4c67-9b6a-254a5c0c0bb4'}, {'uid': '8d3cf075-ceb5-468b-9b78-38c6390b0b14', 'group_uid': '9da5e63e-1305-4645-9157-a2ebf322dc0a', 'role_uid': '9e7c812c-c063-4613-9776-31f635bd1c03', 'account_uid': 'ba9830bb-2b58-4c67-9b6a-254a5c0c0bb4'}, {'uid': 'e60c19d8-5c38-484f-a4a9-d1191e1e6a61', 'group_uid': '9da5e63e-1305-4645-9157-a2ebf322dc0a', 'role_uid': '6948d8e6-eca6-4c12-9241-a47db34db467', 'account_uid': 'ba9830bb-2b58-4c67-9b6a-254a5c0c0bb4'}]",975
Zydus Wellness,c88acc2a-f084-46a2-a428-c5e92e2aabb5,422 - Already Exists,"❌ Failed to patch roles for existing group c88acc2a-f084-46a2-a428-c5e92e2aabb5: Patch roles failed: 422 - {""code"":422,""message"":""Item with (group_id, role_id, account_id)=(c88acc2a-f084-46a2-a428-c5e92e2aabb5, 1544916c-0ce0-4042-a8e5-6e18042c73b7, 09ae54e1-7ff3-4cc5-b2aa-994005b03932) already exists""}",982
Nexxbase Marketing,f95e2c44-24bd-42cf-a730-047c66254a2f,Success,"[{'uid': '47720999-91fc-4c9f-b147-2ddfaefe7335', 'group_uid': 'f95e2c44-24bd-42cf-a730-047c66254a2f', 'role_uid': '1544916c-0ce0-4042-a8e5-6e18042c73b7', 'account_uid': '4eefe6b4-15be-44f4-9e7d-aa44a21c0cce'}, {'uid': 'd4ab0053-ed6c-4ff6-a213-fd73e00856bf', 'group_uid': 'f95e2c44-24bd-42cf-a730-047c66254a2f', 'role_uid': '9e7c812c-c063-4613-9776-31f635bd1c03', 'account_uid': '4eefe6b4-15be-44f4-9e7d-aa44a21c0cce'}, {'uid': '4d6adbac-1c15-4cb5-872e-e457bfea1b68', 'group_uid': 'f95e2c44-24bd-42cf-a730-047c66254a2f', 'role_uid': '6948d8e6-eca6-4c12-9241-a47db34db467', 'account_uid': '4eefe6b4-15be-44f4-9e7d-aa44a21c0cce'}]",986
Nh Integrated Care,e50d5f1f-41da-46c4-b7dc-597ea9337798,Success,"[{'uid': 'd9c6ca58-c057-4993-9906-1697355442c9', 'group_uid': 'e50d5f1f-41da-46c4-b7dc-597ea9337798', 'role_uid': '1544916c-0ce0-4042-a8e5-6e18042c73b7', 'account_uid': '75b70da1-a165-4757-9705-c89355030264'}, {'uid': 'e79cc504-4c8f-47b9-bc23-6c80e976f91b', 'group_uid': 'e50d5f1f-41da-46c4-b7dc-597ea9337798', 'role_uid': '9e7c812c-c063-4613-9776-31f635bd1c03', 'account_uid': '75b70da1-a165-4757-9705-c89355030264'}, {'uid': 'f2c11d05-2fbb-4a18-9f24-6af42bc9187a', 'group_uid': 'e50d5f1f-41da-46c4-b7dc-597ea9337798', 'role_uid': '6948d8e6-eca6-4c12-9241-a47db34db467', 'account_uid': '75b70da1-a165-4757-9705-c89355030264'}]",991
Niit,8208aa5c-7f7f-4f79-a70b-8d3b1807a653,Success,"[{'uid': '7f4831ab-3515-44da-960f-35d630d388e8', 'group_uid': '8208aa5c-7f7f-4f79-a70b-8d3b1807a653', 'role_uid': '1544916c-0ce0-4042-a8e5-6e18042c73b7', 'account_uid': '74b62707-4876-43a0-b348-2efdf211855d'}, {'uid': 'a2d0bc2d-d2ff-4ee3-8190-8a8a96ee0d85', 'group_uid': '8208aa5c-7f7f-4f79-a70b-8d3b1807a653', 'role_uid': '9e7c812c-c063-4613-9776-31f635bd1c03', 'account_uid': '74b62707-4876-43a0-b348-2efdf211855d'}, {'uid': 'e31a5287-2e1e-4eb1-9737-d9bfa0fbd7aa', 'group_uid': '8208aa5c-7f7f-4f79-a70b-8d3b1807a653', 'role_uid': '6948d8e6-eca6-4c12-9241-a47db34db467', 'account_uid': '74b62707-4876-43a0-b348-2efdf211855d'}]",997
NGC Network,8ee27dda-09ea-4458-8226-e33d4c3f6a99,Success,"[{'uid': '5292f4f5-b2b6-415d-b50c-2e7ad6109370', 'group_uid': '8ee27dda-09ea-4458-8226-e33d4c3f6a99', 'role_uid': '1544916c-0ce0-4042-a8e5-6e18042c73b7', 'account_uid': '77a48840-b0ba-45c7-ada1-f2f6aff4abed'}, {'uid': 'b1b4d7d4-d5cf-45fa-a46a-4cd45239842e', 'group_uid': '8ee27dda-09ea-4458-8226-e33d4c3f6a99', 'role_uid': '9e7c812c-c063-4613-9776-31f635bd1c03', 'account_uid': '77a48840-b0ba-45c7-ada1-f2f6aff4abed'}, {'uid': 'e8929c0d-c749-46e7-a768-613b412da5fe', 'group_uid': '8ee27dda-09ea-4458-8226-e33d4c3f6a99', 'role_uid': '6948d8e6-eca6-4c12-9241-a47db34db467', 'account_uid': '77a48840-b0ba-45c7-ada1-f2f6aff4abed'}]",1002
Nobroker Technologies Solutions,c8fdac7b-562e-4427-a699-903eae3491e5,Success,"[{'uid': 'ebd2bf93-9c5f-42fa-997d-3ab93d746ae1', 'group_uid': 'c8fdac7b-562e-4427-a699-903eae3491e5', 'role_uid': '1544916c-0ce0-4042-a8e5-6e18042c73b7', 'account_uid': '5d432253-4d75-428e-a642-766e4eea2184'}, {'uid': '512d6b20-9b47-464d-84a0-bfc880fe88a1', 'group_uid': 'c8fdac7b-562e-4427-a699-903eae3491e5', 'role_uid': '9e7c812c-c063-4613-9776-31f635bd1c03', 'account_uid': '5d432253-4d75-428e-a642-766e4eea2184'}, {'uid': '95a02df6-424d-4cdb-88e7-04834c0072e5', 'group_uid': 'c8fdac7b-562e-4427-a699-903eae3491e5', 'role_uid': '6948d8e6-eca6-4c12-9241-a47db34db467', 'account_uid': '5d432253-4d75-428e-a642-766e4eea2184'}]",1006
Nivaat Consumer Goods,d7cc63e1-97d1-435a-8e8c-c19ff6c9a0c1,Success,"[{'uid': '2019cd87-198c-4361-a8df-4ca3b5f0eb85', 'group_uid': 'd7cc63e1-97d1-435a-8e8c-c19ff6c9a0c1', 'role_uid': '1544916c-0ce0-4042-a8e5-6e18042c73b7', 'account_uid': '00bfb5f5-dca6-4a4f-b11a-4b867dbe0691'}, {'uid': 'd81b0c7d-a7c4-4426-b0bf-c66f77932c4f', 'group_uid': 'd7cc63e1-97d1-435a-8e8c-c19ff6c9a0c1', 'role_uid': '9e7c812c-c063-4613-9776-31f635bd1c03', 'account_uid': '00bfb5f5-dca6-4a4f-b11a-4b867dbe0691'}, {'uid': 'c665b740-6d21-4831-aabc-fb1d913b62bc', 'group_uid': 'd7cc63e1-97d1-435a-8e8c-c19ff6c9a0c1', 'role_uid': '6948d8e6-eca6-4c12-9241-a47db34db467', 'account_uid': '00bfb5f5-dca6-4a4f-b11a-4b867dbe0691'}]",1012
Novi Digital Entertainment,d5f9c3f7-3dbc-41f7-9cca-bd1a3a709141,Success,"[{'uid': '2170f26f-43f2-4f0f-b080-097de0aafdea', 'group_uid': 'd5f9c3f7-3dbc-41f7-9cca-bd1a3a709141', 'role_uid': '1544916c-0ce0-4042-a8e5-6e18042c73b7', 'account_uid': '855de746-c93a-4e30-8570-f9fed60646b2'}, {'uid': '33e028d1-0c7f-4024-8c65-69bac923eece', 'group_uid': 'd5f9c3f7-3dbc-41f7-9cca-bd1a3a709141', 'role_uid': '9e7c812c-c063-4613-9776-31f635bd1c03', 'account_uid': '855de746-c93a-4e30-8570-f9fed60646b2'}, {'uid': 'f979b413-1b57-4512-a855-c3ef7b040e1a', 'group_uid': 'd5f9c3f7-3dbc-41f7-9cca-bd1a3a709141', 'role_uid': '6948d8e6-eca6-4c12-9241-a47db34db467', 'account_uid': '855de746-c93a-4e30-8570-f9fed60646b2'}]",1017
Nspira Management Services,48f1f6fc-c021-452a-8582-d181f7a7187b,Success,"[{'uid': 'f0cc7336-f5f7-438c-ba8c-afa8c608b69c', 'group_uid': '48f1f6fc-c021-452a-8582-d181f7a7187b', 'role_uid': '1544916c-0ce0-4042-a8e5-6e18042c73b7', 'account_uid': 'd5a9fd61-0a96-4f76-9c50-49c2b390359b'}, {'uid': 'b11dc3f0-5f80-4121-96f7-cb55e8d726ef', 'group_uid': '48f1f6fc-c021-452a-8582-d181f7a7187b', 'role_uid': '9e7c812c-c063-4613-9776-31f635bd1c03', 'account_uid': 'd5a9fd61-0a96-4f76-9c50-49c2b390359b'}, {'uid': 'ed2a548a-d8d5-4b42-9a96-529646a34a01', 'group_uid': '48f1f6fc-c021-452a-8582-d181f7a7187b', 'role_uid': '6948d8e6-eca6-4c12-9241-a47db34db467', 'account_uid': 'd5a9fd61-0a96-4f76-9c50-49c2b390359b'}]",1021
Novel Jewels,b52ea22f-bdfa-418d-8190-8346aa5cbe7b,Success,"[{'uid': '2fe9de1f-2721-4dfb-b485-0e800c09ee21', 'group_uid': 'b52ea22f-bdfa-418d-8190-8346aa5cbe7b', 'role_uid': '1544916c-0ce0-4042-a8e5-6e18042c73b7', 'account_uid': 'f1b8c0b0-927a-4d96-90e6-8a2da7adae19'}, {'uid': 'd06990e4-129a-4616-beec-98f2bfb6305e', 'group_uid': 'b52ea22f-bdfa-418d-8190-8346aa5cbe7b', 'role_uid': '9e7c812c-c063-4613-9776-31f635bd1c03', 'account_uid': 'f1b8c0b0-927a-4d96-90e6-8a2da7adae19'}, {'uid': 'e4314997-29ca-4949-b6b9-8fcdc2786a56', 'group_uid': 'b52ea22f-bdfa-418d-8190-8346aa5cbe7b', 'role_uid': '6948d8e6-eca6-4c12-9241-a47db34db467', 'account_uid': 'f1b8c0b0-927a-4d96-90e6-8a2da7adae19'}]",1025
Nutricia International,42f14576-f59d-4fb1-8a9c-212c51967685,Success,"[{'uid': 'ea0dc302-a036-4e39-9c3c-3895c615bcc3', 'group_uid': '42f14576-f59d-4fb1-8a9c-212c51967685', 'role_uid': '1544916c-0ce0-4042-a8e5-6e18042c73b7', 'account_uid': '0a17d391-d9c7-4a21-9b0e-3e3d0c291dcc'}, {'uid': '84da0d7d-9056-4568-8188-036960030714', 'group_uid': '42f14576-f59d-4fb1-8a9c-212c51967685', 'role_uid': '9e7c812c-c063-4613-9776-31f635bd1c03', 'account_uid': '0a17d391-d9c7-4a21-9b0e-3e3d0c291dcc'}, {'uid': '97facb25-2f4b-418d-933a-473b1a2bda4c', 'group_uid': '42f14576-f59d-4fb1-8a9c-212c51967685', 'role_uid': '6948d8e6-eca6-4c12-9241-a47db34db467', 'account_uid': '0a17d391-d9c7-4a21-9b0e-3e3d0c291dcc'}]",1031
One 97 Communications,4d352d73-b326-411b-a6ef-5c3e2e9ba7bc,Success,"[{'uid': '132edca1-5199-4c05-8154-442fbf98a4f1', 'group_uid': '4d352d73-b326-411b-a6ef-5c3e2e9ba7bc', 'role_uid': '1544916c-0ce0-4042-a8e5-6e18042c73b7', 'account_uid': 'ca4277d5-81c5-49d7-9035-b3c7736dd6f3'}, {'uid': 'dc93dd2a-871e-4924-bdae-4567ccdc91c3', 'group_uid': '4d352d73-b326-411b-a6ef-5c3e2e9ba7bc', 'role_uid': '9e7c812c-c063-4613-9776-31f635bd1c03', 'account_uid': 'ca4277d5-81c5-49d7-9035-b3c7736dd6f3'}, {'uid': 'e5b5e384-378f-41e5-bdc5-8df3924170c9', 'group_uid': '4d352d73-b326-411b-a6ef-5c3e2e9ba7bc', 'role_uid': '6948d8e6-eca6-4c12-9241-a47db34db467', 'account_uid': 'ca4277d5-81c5-49d7-9035-b3c7736dd6f3'}]",1037
Oizta Screenox Media,87b47237-e2ab-4a72-ba40-b085d6238685,Success,"[{'uid': 'b661aad4-7745-4bd4-a89c-1683da708795', 'group_uid': '87b47237-e2ab-4a72-ba40-b085d6238685', 'role_uid': '1544916c-0ce0-4042-a8e5-6e18042c73b7', 'account_uid': '8b4b0381-42bf-4d5d-834b-5624a6b30512'}, {'uid': '4037eb0a-9c74-4876-b574-a72207184cef', 'group_uid': '87b47237-e2ab-4a72-ba40-b085d6238685', 'role_uid': '9e7c812c-c063-4613-9776-31f635bd1c03', 'account_uid': '8b4b0381-42bf-4d5d-834b-5624a6b30512'}, {'uid': 'ab54701c-3440-4cda-8e4e-f40a85776be3', 'group_uid': '87b47237-e2ab-4a72-ba40-b085d6238685', 'role_uid': '6948d8e6-eca6-4c12-9241-a47db34db467', 'account_uid': '8b4b0381-42bf-4d5d-834b-5624a6b30512'}]",1042
One Mobikwik Systems,64ced9fb-1bac-4cd6-b483-0e56fb63cd13,Success,"[{'uid': '736a854b-71b1-409f-bfe9-5c87218a769d', 'group_uid': '64ced9fb-1bac-4cd6-b483-0e56fb63cd13', 'role_uid': '1544916c-0ce0-4042-a8e5-6e18042c73b7', 'account_uid': '542f4d1d-8f6b-47aa-a524-79269c15c2f6'}, {'uid': '4057ec25-47eb-48ec-884d-97f5ede4f59d', 'group_uid': '64ced9fb-1bac-4cd6-b483-0e56fb63cd13', 'role_uid': '9e7c812c-c063-4613-9776-31f635bd1c03', 'account_uid': '542f4d1d-8f6b-47aa-a524-79269c15c2f6'}, {'uid': '4d80a702-c49e-4508-8780-b5410e473c79', 'group_uid': '64ced9fb-1bac-4cd6-b483-0e56fb63cd13', 'role_uid': '6948d8e6-eca6-4c12-9241-a47db34db467', 'account_uid': '542f4d1d-8f6b-47aa-a524-79269c15c2f6'}]",1047
Orchard Healthcare,57d34b93-9042-461c-81ac-66b9754870cf,Success,"[{'uid': '7a90d907-b8e5-4ffe-aa39-a97487a818ae', 'group_uid': '57d34b93-9042-461c-81ac-66b9754870cf', 'role_uid': '1544916c-0ce0-4042-a8e5-6e18042c73b7', 'account_uid': '86d44779-d773-486d-a5ae-128e68170f0e'}, {'uid': '0752e5b3-5876-4ccb-a497-05ee0d89e66c', 'group_uid': '57d34b93-9042-461c-81ac-66b9754870cf', 'role_uid': '9e7c812c-c063-4613-9776-31f635bd1c03', 'account_uid': '86d44779-d773-486d-a5ae-128e68170f0e'}, {'uid': '1ae333af-7786-4ea8-a7eb-990513a0b614', 'group_uid': '57d34b93-9042-461c-81ac-66b9754870cf', 'role_uid': '6948d8e6-eca6-4c12-9241-a47db34db467', 'account_uid': '86d44779-d773-486d-a5ae-128e68170f0e'}]",1051
Orient Cement,d9180687-ea5f-4abd-8ae8-99777eefbdd5,Success,"[{'uid': '862382f2-eafa-4d44-a4f7-9d9f0d8d89a0', 'group_uid': 'd9180687-ea5f-4abd-8ae8-99777eefbdd5', 'role_uid': '1544916c-0ce0-4042-a8e5-6e18042c73b7', 'account_uid': 'f3f307b7-899e-41cc-bca4-11e54ea71ced'}, {'uid': '38e24f4c-5455-44db-be78-5265ca9d373a', 'group_uid': 'd9180687-ea5f-4abd-8ae8-99777eefbdd5', 'role_uid': '9e7c812c-c063-4613-9776-31f635bd1c03', 'account_uid': 'f3f307b7-899e-41cc-bca4-11e54ea71ced'}, {'uid': '7b0a6d97-32a0-4715-876d-025b2a5ace8f', 'group_uid': 'd9180687-ea5f-4abd-8ae8-99777eefbdd5', 'role_uid': '6948d8e6-eca6-4c12-9241-a47db34db467', 'account_uid': 'f3f307b7-899e-41cc-bca4-11e54ea71ced'}]",1056
Orion Nutritionals,30702ba8-c494-4c25-801d-8db6b15db00f,Success,"[{'uid': '01274cf0-e746-4e13-b712-466f4822ff3c', 'group_uid': '30702ba8-c494-4c25-801d-8db6b15db00f', 'role_uid': '1544916c-0ce0-4042-a8e5-6e18042c73b7', 'account_uid': '2aa16231-13b1-4e2b-9c7e-08b43841bb47'}, {'uid': '5a432e6d-78b9-4731-bbe8-86f3604c956a', 'group_uid': '30702ba8-c494-4c25-801d-8db6b15db00f', 'role_uid': '9e7c812c-c063-4613-9776-31f635bd1c03', 'account_uid': '2aa16231-13b1-4e2b-9c7e-08b43841bb47'}, {'uid': '1d5f8a17-d195-4742-8c09-3eb07a933298', 'group_uid': '30702ba8-c494-4c25-801d-8db6b15db00f', 'role_uid': '6948d8e6-eca6-4c12-9241-a47db34db467', 'account_uid': '2aa16231-13b1-4e2b-9c7e-08b43841bb47'}]",1062
Oneplus,12e62467-163f-41b0-b96c-0a02a4c90c01,Success,"[{'uid': 'b6838dea-3211-4df4-8f71-19a0aff70bfe', 'group_uid': '12e62467-163f-41b0-b96c-0a02a4c90c01', 'role_uid': '1544916c-0ce0-4042-a8e5-6e18042c73b7', 'account_uid': '47304471-d848-48dd-bc91-2452bcb4b05e'}, {'uid': '65cc4a5a-fcb4-41a7-a7ec-b265f58fef44', 'group_uid': '12e62467-163f-41b0-b96c-0a02a4c90c01', 'role_uid': '9e7c812c-c063-4613-9776-31f635bd1c03', 'account_uid': '47304471-d848-48dd-bc91-2452bcb4b05e'}, {'uid': '8f6f140d-12d3-4e5c-a8e7-c59d13943f35', 'group_uid': '12e62467-163f-41b0-b96c-0a02a4c90c01', 'role_uid': '6948d8e6-eca6-4c12-9241-a47db34db467', 'account_uid': '47304471-d848-48dd-bc91-2452bcb4b05e'}]",1066
P.C. Chandra,ca13238a-e8b4-4fde-b812-5284a2246f43,Success,"[{'uid': '15fc1e1d-44d9-4603-8af4-1c4d3bdf06a8', 'group_uid': 'ca13238a-e8b4-4fde-b812-5284a2246f43', 'role_uid': '1544916c-0ce0-4042-a8e5-6e18042c73b7', 'account_uid': 'bd9d73a8-95f9-4354-b065-ebabb2de3801'}, {'uid': 'd5092f2e-c608-4f63-abb8-7b78abccb2de', 'group_uid': 'ca13238a-e8b4-4fde-b812-5284a2246f43', 'role_uid': '9e7c812c-c063-4613-9776-31f635bd1c03', 'account_uid': 'bd9d73a8-95f9-4354-b065-ebabb2de3801'}, {'uid': 'da5fb647-a3d9-4c6d-bb1a-dee5a8f63304', 'group_uid': 'ca13238a-e8b4-4fde-b812-5284a2246f43', 'role_uid': '6948d8e6-eca6-4c12-9241-a47db34db467', 'account_uid': 'bd9d73a8-95f9-4354-b065-ebabb2de3801'}]",1072
Pankaja Kasthuri Herbals,194d4dc3-b63d-459e-9b9b-e672e3926956,Success,"[{'uid': '4fe65446-ee03-4b94-ab30-916d8fb1a8a1', 'group_uid': '194d4dc3-b63d-459e-9b9b-e672e3926956', 'role_uid': '1544916c-0ce0-4042-a8e5-6e18042c73b7', 'account_uid': 'd7df0c66-b55f-41e0-9050-c4c2ea254ad9'}, {'uid': '1f6d689c-07fd-41fe-9260-108e918b3c81', 'group_uid': '194d4dc3-b63d-459e-9b9b-e672e3926956', 'role_uid': '9e7c812c-c063-4613-9776-31f635bd1c03', 'account_uid': 'd7df0c66-b55f-41e0-9050-c4c2ea254ad9'}, {'uid': '59f904ad-6584-4bf8-9a18-7b3e24e4b5f5', 'group_uid': '194d4dc3-b63d-459e-9b9b-e672e3926956', 'role_uid': '6948d8e6-eca6-4c12-9241-a47db34db467', 'account_uid': 'd7df0c66-b55f-41e0-9050-c4c2ea254ad9'}]",1076
Orra Fine Jewellery,062adb07-2f96-4292-9960-c7c988c0abf8,Success,"[{'uid': '37323eab-4a38-450e-afaf-cd190cb9571d', 'group_uid': '062adb07-2f96-4292-9960-c7c988c0abf8', 'role_uid': '1544916c-0ce0-4042-a8e5-6e18042c73b7', 'account_uid': '45cc9ca1-0543-42b7-86fc-f8928a6114aa'}, {'uid': 'b55a6bab-dcad-42e5-b129-55f356145169', 'group_uid': '062adb07-2f96-4292-9960-c7c988c0abf8', 'role_uid': '9e7c812c-c063-4613-9776-31f635bd1c03', 'account_uid': '45cc9ca1-0543-42b7-86fc-f8928a6114aa'}, {'uid': 'd275b514-c457-4cfa-ada7-cba7fcc5150a', 'group_uid': '062adb07-2f96-4292-9960-c7c988c0abf8', 'role_uid': '6948d8e6-eca6-4c12-9241-a47db34db467', 'account_uid': '45cc9ca1-0543-42b7-86fc-f8928a6114aa'}]",1080
Patil Parimala Works,f501d43c-586b-45d6-9b12-0e53b61d5cb9,Success,"[{'uid': '25976ea3-a0d6-4ba1-913f-56e4579374d0', 'group_uid': 'f501d43c-586b-45d6-9b12-0e53b61d5cb9', 'role_uid': '1544916c-0ce0-4042-a8e5-6e18042c73b7', 'account_uid': 'af93e96c-8459-4d01-9ef1-25778771d4b7'}, {'uid': 'a01116e2-3826-4dce-8587-17d938851959', 'group_uid': 'f501d43c-586b-45d6-9b12-0e53b61d5cb9', 'role_uid': '9e7c812c-c063-4613-9776-31f635bd1c03', 'account_uid': 'af93e96c-8459-4d01-9ef1-25778771d4b7'}, {'uid': '14e80447-f499-474e-8aae-2fd7870384dd', 'group_uid': 'f501d43c-586b-45d6-9b12-0e53b61d5cb9', 'role_uid': '6948d8e6-eca6-4c12-9241-a47db34db467', 'account_uid': 'af93e96c-8459-4d01-9ef1-25778771d4b7'}]",1087
Paytm Payments Bank,478f9afe-0be5-4a3b-aa61-f5e98119a617,Success,"[{'uid': '7048c2b2-93f8-4a97-8ab5-723bf7bf2998', 'group_uid': '478f9afe-0be5-4a3b-aa61-f5e98119a617', 'role_uid': '1544916c-0ce0-4042-a8e5-6e18042c73b7', 'account_uid': 'a876dafd-de9e-4735-9164-576413d530b8'}, {'uid': 'ec044950-c2ec-4d71-a22d-72a2856600af', 'group_uid': '478f9afe-0be5-4a3b-aa61-f5e98119a617', 'role_uid': '9e7c812c-c063-4613-9776-31f635bd1c03', 'account_uid': 'a876dafd-de9e-4735-9164-576413d530b8'}, {'uid': '33fdb0d5-6c68-483a-afb3-d4bd2335ab9c', 'group_uid': '478f9afe-0be5-4a3b-aa61-f5e98119a617', 'role_uid': '6948d8e6-eca6-4c12-9241-a47db34db467', 'account_uid': 'a876dafd-de9e-4735-9164-576413d530b8'}]",1091
Payu Payments,f059528e-0897-476a-8160-ed0e2ee25e9e,Success,"[{'uid': '6d30a7b7-b86d-4368-83a8-da0a3d69d9d6', 'group_uid': 'f059528e-0897-476a-8160-ed0e2ee25e9e', 'role_uid': '1544916c-0ce0-4042-a8e5-6e18042c73b7', 'account_uid': 'd60c911f-7b7d-431f-bb23-413206b73532'}, {'uid': 'fbe1fb95-00f0-4b53-9931-a7ffc824973b', 'group_uid': 'f059528e-0897-476a-8160-ed0e2ee25e9e', 'role_uid': '9e7c812c-c063-4613-9776-31f635bd1c03', 'account_uid': 'd60c911f-7b7d-431f-bb23-413206b73532'}, {'uid': 'cd32b8e4-9a18-40e1-9a8c-ae99704454b7', 'group_uid': 'f059528e-0897-476a-8160-ed0e2ee25e9e', 'role_uid': '6948d8e6-eca6-4c12-9241-a47db34db467', 'account_uid': 'd60c911f-7b7d-431f-bb23-413206b73532'}]",1097
Paul George Global School,8c284a40-8b7c-475c-841c-7551a7231ecb,Success,"[{'uid': '1c2bddd8-670b-4e17-aeb1-b9b718702449', 'group_uid': '8c284a40-8b7c-475c-841c-7551a7231ecb', 'role_uid': '1544916c-0ce0-4042-a8e5-6e18042c73b7', 'account_uid': '250cf709-10bc-4571-a0ce-0cdcc1a602a0'}, {'uid': '69a66f96-f65c-43c3-9e4b-8549f1ee5726', 'group_uid': '8c284a40-8b7c-475c-841c-7551a7231ecb', 'role_uid': '9e7c812c-c063-4613-9776-31f635bd1c03', 'account_uid': '250cf709-10bc-4571-a0ce-0cdcc1a602a0'}, {'uid': '5471eda6-355d-4e4b-bb6e-746ece399644', 'group_uid': '8c284a40-8b7c-475c-841c-7551a7231ecb', 'role_uid': '6948d8e6-eca6-4c12-9241-a47db34db467', 'account_uid': '250cf709-10bc-4571-a0ce-0cdcc1a602a0'}]",1101
Philips Domestic Appliances,9e8a6dd5-e73a-4fb7-af80-c85d825c9974,Success,"[{'uid': 'c13cb2ea-a134-4fbb-90a7-2ef0605174fd', 'group_uid': '9e8a6dd5-e73a-4fb7-af80-c85d825c9974', 'role_uid': '1544916c-0ce0-4042-a8e5-6e18042c73b7', 'account_uid': 'a747d8e1-43ba-4d98-8366-928f668bdc49'}, {'uid': '03684fcf-ffb3-4fe6-9f83-dd778cd7e247', 'group_uid': '9e8a6dd5-e73a-4fb7-af80-c85d825c9974', 'role_uid': '9e7c812c-c063-4613-9776-31f635bd1c03', 'account_uid': 'a747d8e1-43ba-4d98-8366-928f668bdc49'}, {'uid': 'ce5decda-782a-4089-a69b-f9454c34d7b2', 'group_uid': '9e8a6dd5-e73a-4fb7-af80-c85d825c9974', 'role_uid': '6948d8e6-eca6-4c12-9241-a47db34db467', 'account_uid': 'a747d8e1-43ba-4d98-8366-928f668bdc49'}]",1105
Polycab,c7a5eb2d-a869-4f58-be3b-657887f3925d,Success,"[{'uid': '0e42ca7d-b874-4148-89df-4742fd82603f', 'group_uid': 'c7a5eb2d-a869-4f58-be3b-657887f3925d', 'role_uid': '1544916c-0ce0-4042-a8e5-6e18042c73b7', 'account_uid': 'e9f44d16-f5d7-41f4-965e-1c44a25747c0'}, {'uid': '8ce7bfe0-b06f-46a0-bdde-5fce31580aa7', 'group_uid': 'c7a5eb2d-a869-4f58-be3b-657887f3925d', 'role_uid': '9e7c812c-c063-4613-9776-31f635bd1c03', 'account_uid': 'e9f44d16-f5d7-41f4-965e-1c44a25747c0'}, {'uid': '89883fe9-ad28-431e-b13b-0d3fc7772120', 'group_uid': 'c7a5eb2d-a869-4f58-be3b-657887f3925d', 'role_uid': '6948d8e6-eca6-4c12-9241-a47db34db467', 'account_uid': 'e9f44d16-f5d7-41f4-965e-1c44a25747c0'}]",1112
Poonawalla Fincorp,e954b155-f08b-4120-8022-c634d11e3351,Success,"[{'uid': 'd8d3c671-1a66-4d52-82bf-3479d890ed54', 'group_uid': 'e954b155-f08b-4120-8022-c634d11e3351', 'role_uid': '1544916c-0ce0-4042-a8e5-6e18042c73b7', 'account_uid': 'f21552b8-de4c-40b1-8a91-04a04168a3d6'}, {'uid': '13161338-b695-4e32-9c60-ddd4b905e62d', 'group_uid': 'e954b155-f08b-4120-8022-c634d11e3351', 'role_uid': '9e7c812c-c063-4613-9776-31f635bd1c03', 'account_uid': 'f21552b8-de4c-40b1-8a91-04a04168a3d6'}, {'uid': 'f12b2527-d2e9-4471-8cf6-1b788adcc9cf', 'group_uid': 'e954b155-f08b-4120-8022-c634d11e3351', 'role_uid': '6948d8e6-eca6-4c12-9241-a47db34db467', 'account_uid': 'f21552b8-de4c-40b1-8a91-04a04168a3d6'}]",1117
Practo Technologies,453c1489-1315-4cc3-bb24-a5bb4a2e3eb2,Success,"[{'uid': '48cfd6ed-1397-49b0-93a5-256380fede82', 'group_uid': '453c1489-1315-4cc3-bb24-a5bb4a2e3eb2', 'role_uid': '1544916c-0ce0-4042-a8e5-6e18042c73b7', 'account_uid': 'f694e43a-6c3d-433e-9f73-2c4c10c022f9'}, {'uid': '055987d0-c3d6-4673-8bdf-add2d2fab1a2', 'group_uid': '453c1489-1315-4cc3-bb24-a5bb4a2e3eb2', 'role_uid': '9e7c812c-c063-4613-9776-31f635bd1c03', 'account_uid': 'f694e43a-6c3d-433e-9f73-2c4c10c022f9'}, {'uid': 'aa029a19-4601-4d96-a821-a6dd98ea3cd9', 'group_uid': '453c1489-1315-4cc3-bb24-a5bb4a2e3eb2', 'role_uid': '6948d8e6-eca6-4c12-9241-a47db34db467', 'account_uid': 'f694e43a-6c3d-433e-9f73-2c4c10c022f9'}]",1122
Power Of Nurition,2aacb45e-90e8-4a53-974a-4b8161c4a811,Success,"[{'uid': '3f91dab4-ea63-4f62-8a36-eb16643b2574', 'group_uid': '2aacb45e-90e8-4a53-974a-4b8161c4a811', 'role_uid': '1544916c-0ce0-4042-a8e5-6e18042c73b7', 'account_uid': '65e4f325-61ae-400b-9d46-4d75849deaed'}, {'uid': '625d9eb8-8384-4a63-ab62-5aed054faccd', 'group_uid': '2aacb45e-90e8-4a53-974a-4b8161c4a811', 'role_uid': '9e7c812c-c063-4613-9776-31f635bd1c03', 'account_uid': '65e4f325-61ae-400b-9d46-4d75849deaed'}, {'uid': '92ae0954-18b6-426a-9cef-a0f314f3816c', 'group_uid': '2aacb45e-90e8-4a53-974a-4b8161c4a811', 'role_uid': '6948d8e6-eca6-4c12-9241-a47db34db467', 'account_uid': '65e4f325-61ae-400b-9d46-4d75849deaed'}]",1127
Praxis Home Retail,7fc74650-e72e-45fd-b62b-a2cd7e63c6db,Success,"[{'uid': '16835d11-cdd0-4ae9-b55e-65cb6e5de17a', 'group_uid': '7fc74650-e72e-45fd-b62b-a2cd7e63c6db', 'role_uid': '1544916c-0ce0-4042-a8e5-6e18042c73b7', 'account_uid': '01988550-0a12-40af-ad86-fe3ae125ef2c'}, {'uid': 'd3891c01-0f86-4fba-b2c5-1ba367a10c28', 'group_uid': '7fc74650-e72e-45fd-b62b-a2cd7e63c6db', 'role_uid': '9e7c812c-c063-4613-9776-31f635bd1c03', 'account_uid': '01988550-0a12-40af-ad86-fe3ae125ef2c'}, {'uid': 'd107ffa9-2c2f-497d-9b7c-741ed88f7d2f', 'group_uid': '7fc74650-e72e-45fd-b62b-a2cd7e63c6db', 'role_uid': '6948d8e6-eca6-4c12-9241-a47db34db467', 'account_uid': '01988550-0a12-40af-ad86-fe3ae125ef2c'}]",1134
Pureplay Skin Sciences,6df2ca82-ced0-4904-b360-e4bf52b5f47e,Success,"[{'uid': 'ff921099-36e3-450d-a203-aea3ccb10553', 'group_uid': '6df2ca82-ced0-4904-b360-e4bf52b5f47e', 'role_uid': '1544916c-0ce0-4042-a8e5-6e18042c73b7', 'account_uid': '06b5e79f-3f2d-47fd-8ed1-d74777a5f130'}, {'uid': 'dcb7422c-b5a7-471b-a0d8-568a0deed01d', 'group_uid': '6df2ca82-ced0-4904-b360-e4bf52b5f47e', 'role_uid': '9e7c812c-c063-4613-9776-31f635bd1c03', 'account_uid': '06b5e79f-3f2d-47fd-8ed1-d74777a5f130'}, {'uid': '0dcd5241-71a5-4a61-bd3c-1f0283ab2db7', 'group_uid': '6df2ca82-ced0-4904-b360-e4bf52b5f47e', 'role_uid': '6948d8e6-eca6-4c12-9241-a47db34db467', 'account_uid': '06b5e79f-3f2d-47fd-8ed1-d74777a5f130'}]",1139
Qais Consulting,cd1ecb40-19f1-40c9-ab31-b7e3c7122665,Success,"[{'uid': '4e39ef92-9b3f-43a7-9fc4-945f93ebb880', 'group_uid': 'cd1ecb40-19f1-40c9-ab31-b7e3c7122665', 'role_uid': '1544916c-0ce0-4042-a8e5-6e18042c73b7', 'account_uid': '59d6b91b-2b03-47a7-9774-4bbf4088a450'}, {'uid': '3fb1c25d-de8f-40c3-8c68-e9db3add4b4e', 'group_uid': 'cd1ecb40-19f1-40c9-ab31-b7e3c7122665', 'role_uid': '9e7c812c-c063-4613-9776-31f635bd1c03', 'account_uid': '59d6b91b-2b03-47a7-9774-4bbf4088a450'}, {'uid': '035b04c3-07f6-42be-a48c-617c69a71c4c', 'group_uid': 'cd1ecb40-19f1-40c9-ab31-b7e3c7122665', 'role_uid': '6948d8e6-eca6-4c12-9241-a47db34db467', 'account_uid': '59d6b91b-2b03-47a7-9774-4bbf4088a450'}]",1143
Qi Lifecare,9bc78537-37d7-487e-b065-b92c4d1dd6ad,Success,"[{'uid': 'b11477b0-04b8-4f78-9f6e-f0beecbac9a3', 'group_uid': '9bc78537-37d7-487e-b065-b92c4d1dd6ad', 'role_uid': '1544916c-0ce0-4042-a8e5-6e18042c73b7', 'account_uid': '94bdd709-92f9-46a6-81e4-c44a5614c807'}, {'uid': '8520a785-9676-4432-933e-69d417f3f3f8', 'group_uid': '9bc78537-37d7-487e-b065-b92c4d1dd6ad', 'role_uid': '9e7c812c-c063-4613-9776-31f635bd1c03', 'account_uid': '94bdd709-92f9-46a6-81e4-c44a5614c807'}, {'uid': '9aca6623-10b5-49d9-9253-36b3bdc75777', 'group_uid': '9bc78537-37d7-487e-b065-b92c4d1dd6ad', 'role_uid': '6948d8e6-eca6-4c12-9241-a47db34db467', 'account_uid': '94bdd709-92f9-46a6-81e4-c44a5614c807'}]",1147
Qualcomm Technologies,47e25ae3-da4e-47c1-9d43-a62cbfb66cd7,Success,"[{'uid': '132810d2-0f81-4663-9338-57cdeef7e2a6', 'group_uid': '47e25ae3-da4e-47c1-9d43-a62cbfb66cd7', 'role_uid': '1544916c-0ce0-4042-a8e5-6e18042c73b7', 'account_uid': '8ea67c89-1e39-425e-8141-4887f4208032'}, {'uid': '14db187c-7511-4ff2-86c9-e4b91770d668', 'group_uid': '47e25ae3-da4e-47c1-9d43-a62cbfb66cd7', 'role_uid': '9e7c812c-c063-4613-9776-31f635bd1c03', 'account_uid': '8ea67c89-1e39-425e-8141-4887f4208032'}, {'uid': '8b23711f-413a-4b8f-ab05-09f4ab894c22', 'group_uid': '47e25ae3-da4e-47c1-9d43-a62cbfb66cd7', 'role_uid': '6948d8e6-eca6-4c12-9241-a47db34db467', 'account_uid': '8ea67c89-1e39-425e-8141-4887f4208032'}]",1151
Quest Properties,c0985c4b-3bd6-426d-8779-7b228f3c4745,Success,"[{'uid': '1088bea2-d0f0-4e3e-96b8-17805a5d6a71', 'group_uid': 'c0985c4b-3bd6-426d-8779-7b228f3c4745', 'role_uid': '1544916c-0ce0-4042-a8e5-6e18042c73b7', 'account_uid': '1adb3b73-4e3c-406c-8b4b-d54abcaa8305'}, {'uid': '9db2d7f8-0031-4f8d-8b97-248bd8bb67a9', 'group_uid': 'c0985c4b-3bd6-426d-8779-7b228f3c4745', 'role_uid': '9e7c812c-c063-4613-9776-31f635bd1c03', 'account_uid': '1adb3b73-4e3c-406c-8b4b-d54abcaa8305'}, {'uid': '8e6652dc-922c-4416-ac6a-d2cd3d0e9b4e', 'group_uid': 'c0985c4b-3bd6-426d-8779-7b228f3c4745', 'role_uid': '6948d8e6-eca6-4c12-9241-a47db34db467', 'account_uid': '1adb3b73-4e3c-406c-8b4b-d54abcaa8305'}]",1157
Phonepe,c68c6a6b-ad35-423e-b6c8-a3fa85a21c5a,Success,"[{'uid': '1259f0d4-f2c6-43c9-bb45-5832a8dc9fcb', 'group_uid': 'c68c6a6b-ad35-423e-b6c8-a3fa85a21c5a', 'role_uid': '1544916c-0ce0-4042-a8e5-6e18042c73b7', 'account_uid': '8cb48ffe-4824-4506-9b1b-0ba21d5447d3'}, {'uid': '45d97b32-3018-4744-939f-96d671262eac', 'group_uid': 'c68c6a6b-ad35-423e-b6c8-a3fa85a21c5a', 'role_uid': '9e7c812c-c063-4613-9776-31f635bd1c03', 'account_uid': '8cb48ffe-4824-4506-9b1b-0ba21d5447d3'}, {'uid': '794907bd-568e-47a1-9b92-64895c6ae267', 'group_uid': 'c68c6a6b-ad35-423e-b6c8-a3fa85a21c5a', 'role_uid': '6948d8e6-eca6-4c12-9241-a47db34db467', 'account_uid': '8cb48ffe-4824-4506-9b1b-0ba21d5447d3'}]",1163
Ragus Healthcare,ffb5b348-31d3-40a5-a2bb-86dadf847a5f,Success,"[{'uid': '9e8ba88e-4928-442a-83d3-62787a2de275', 'group_uid': 'ffb5b348-31d3-40a5-a2bb-86dadf847a5f', 'role_uid': '1544916c-0ce0-4042-a8e5-6e18042c73b7', 'account_uid': 'b4cb8640-7ee2-4ec9-a157-3f0792e182ea'}, {'uid': 'bc4c3014-0943-4ca9-9563-af6293a62d58', 'group_uid': 'ffb5b348-31d3-40a5-a2bb-86dadf847a5f', 'role_uid': '9e7c812c-c063-4613-9776-31f635bd1c03', 'account_uid': 'b4cb8640-7ee2-4ec9-a157-3f0792e182ea'}, {'uid': '2c6d01a4-6906-4514-a56b-ad6cc8bd1be2', 'group_uid': 'ffb5b348-31d3-40a5-a2bb-86dadf847a5f', 'role_uid': '6948d8e6-eca6-4c12-9241-a47db34db467', 'account_uid': 'b4cb8640-7ee2-4ec9-a157-3f0792e182ea'}]",1168
R R Kabel,4b7940ae-90b3-4aa6-b68e-7381f4bacdd3,Success,"[{'uid': '13aeb9c2-71e4-4522-9809-9168d7d81cf2', 'group_uid': '4b7940ae-90b3-4aa6-b68e-7381f4bacdd3', 'role_uid': '1544916c-0ce0-4042-a8e5-6e18042c73b7', 'account_uid': '53beb442-4534-4139-8244-112c268e51fd'}, {'uid': '50f52453-002a-4d16-abe5-9611bc04bcd9', 'group_uid': '4b7940ae-90b3-4aa6-b68e-7381f4bacdd3', 'role_uid': '9e7c812c-c063-4613-9776-31f635bd1c03', 'account_uid': '53beb442-4534-4139-8244-112c268e51fd'}, {'uid': '09f8d87c-2975-4019-ad8a-58178eec7fcc', 'group_uid': '4b7940ae-90b3-4aa6-b68e-7381f4bacdd3', 'role_uid': '6948d8e6-eca6-4c12-9241-a47db34db467', 'account_uid': '53beb442-4534-4139-8244-112c268e51fd'}]",1172
Ralson,96344387-e152-48ad-8741-081b45e97161,Success,"[{'uid': '3cd479b9-e3db-44e7-9d91-c10388d5f494', 'group_uid': '96344387-e152-48ad-8741-081b45e97161', 'role_uid': '1544916c-0ce0-4042-a8e5-6e18042c73b7', 'account_uid': 'cc9d584f-b36c-4956-9871-550d3be8e4d7'}, {'uid': 'ee0fb2b8-4a80-4b02-863b-757665caba0f', 'group_uid': '96344387-e152-48ad-8741-081b45e97161', 'role_uid': '9e7c812c-c063-4613-9776-31f635bd1c03', 'account_uid': 'cc9d584f-b36c-4956-9871-550d3be8e4d7'}, {'uid': 'aed0c00a-7ff3-4e62-a65e-ad4f8e586c68', 'group_uid': '96344387-e152-48ad-8741-081b45e97161', 'role_uid': '6948d8e6-eca6-4c12-9241-a47db34db467', 'account_uid': 'cc9d584f-b36c-4956-9871-550d3be8e4d7'}]",1176
Rebel Foods,cb232909-212e-48a7-9607-1912692bc2c1,Success,"[{'uid': '764465e1-a6e0-4091-986d-21259f10f5f8', 'group_uid': 'cb232909-212e-48a7-9607-1912692bc2c1', 'role_uid': '1544916c-0ce0-4042-a8e5-6e18042c73b7', 'account_uid': '2a63b190-9bdb-4d24-9abf-c451ecec581e'}, {'uid': '1e0a648b-04a1-4f6f-a6ac-bf7fa9f8053c', 'group_uid': 'cb232909-212e-48a7-9607-1912692bc2c1', 'role_uid': '9e7c812c-c063-4613-9776-31f635bd1c03', 'account_uid': '2a63b190-9bdb-4d24-9abf-c451ecec581e'}, {'uid': '91c2ac15-d5ce-4c8a-80c4-9640d6228843', 'group_uid': 'cb232909-212e-48a7-9607-1912692bc2c1', 'role_uid': '6948d8e6-eca6-4c12-9241-a47db34db467', 'account_uid': '2a63b190-9bdb-4d24-9abf-c451ecec581e'}]",1185
Red Chillies Entertainments,89f92c36-5f22-45f6-aff8-2b009ac1c398,Success,"[{'uid': 'a6bb1ec5-85d6-44d4-94f5-52c618a165bf', 'group_uid': '89f92c36-5f22-45f6-aff8-2b009ac1c398', 'role_uid': '1544916c-0ce0-4042-a8e5-6e18042c73b7', 'account_uid': 'a03a9178-14f7-4a3d-bd4d-f5398166e365'}, {'uid': 'a641febd-c93d-4205-ad8f-0352ec756d73', 'group_uid': '89f92c36-5f22-45f6-aff8-2b009ac1c398', 'role_uid': '9e7c812c-c063-4613-9776-31f635bd1c03', 'account_uid': 'a03a9178-14f7-4a3d-bd4d-f5398166e365'}, {'uid': '0523f57f-f490-4c84-9518-7ee36f0059af', 'group_uid': '89f92c36-5f22-45f6-aff8-2b009ac1c398', 'role_uid': '6948d8e6-eca6-4c12-9241-a47db34db467', 'account_uid': 'a03a9178-14f7-4a3d-bd4d-f5398166e365'}]",1189
Redington,993ba882-cfa3-4fca-bcab-e8d182f6b568,Success,"[{'uid': '7f45edd1-675a-44f2-926d-a207a1605539', 'group_uid': '993ba882-cfa3-4fca-bcab-e8d182f6b568', 'role_uid': '1544916c-0ce0-4042-a8e5-6e18042c73b7', 'account_uid': '54d59fb8-14bf-454b-a699-a33e4629b8d9'}, {'uid': '3d212b44-fe94-483a-a7c0-9b4b51777db1', 'group_uid': '993ba882-cfa3-4fca-bcab-e8d182f6b568', 'role_uid': '9e7c812c-c063-4613-9776-31f635bd1c03', 'account_uid': '54d59fb8-14bf-454b-a699-a33e4629b8d9'}, {'uid': '5ae7c426-bbc4-49ef-91f6-bb13852b4834', 'group_uid': '993ba882-cfa3-4fca-bcab-e8d182f6b568', 'role_uid': '6948d8e6-eca6-4c12-9241-a47db34db467', 'account_uid': '54d59fb8-14bf-454b-a699-a33e4629b8d9'}]",1193
Resilient Innovations,c497d3ca-3169-4f98-b2b3-bf2059f47543,Success,"[{'uid': '2e889674-43b7-4ab4-a33a-6293cec806dd', 'group_uid': 'c497d3ca-3169-4f98-b2b3-bf2059f47543', 'role_uid': '1544916c-0ce0-4042-a8e5-6e18042c73b7', 'account_uid': '5e52e50a-656e-43a2-bbd4-d4f9ce5f3dd0'}, {'uid': '4a9892e1-ea88-4290-a59d-0aa393a91f16', 'group_uid': 'c497d3ca-3169-4f98-b2b3-bf2059f47543', 'role_uid': '9e7c812c-c063-4613-9776-31f635bd1c03', 'account_uid': '5e52e50a-656e-43a2-bbd4-d4f9ce5f3dd0'}, {'uid': '55087584-8d7b-4b65-9d5c-e97e3e374892', 'group_uid': 'c497d3ca-3169-4f98-b2b3-bf2059f47543', 'role_uid': '6948d8e6-eca6-4c12-9241-a47db34db467', 'account_uid': '5e52e50a-656e-43a2-bbd4-d4f9ce5f3dd0'}]",1197
Rebate,9077f8df-be3d-4137-8a27-dd22115ccec6,Success,"[{'uid': '2a13c9de-1c3f-48d5-ab1c-0d85d06e195f', 'group_uid': '9077f8df-be3d-4137-8a27-dd22115ccec6', 'role_uid': '1544916c-0ce0-4042-a8e5-6e18042c73b7', 'account_uid': 'f002a8f6-0ef1-4377-9edf-15d3001ca3d9'}, {'uid': 'd4da02c5-06c0-4862-96cd-a7c4e01438f2', 'group_uid': '9077f8df-be3d-4137-8a27-dd22115ccec6', 'role_uid': '9e7c812c-c063-4613-9776-31f635bd1c03', 'account_uid': 'f002a8f6-0ef1-4377-9edf-15d3001ca3d9'}, {'uid': '65b85800-27c6-450a-bc25-87e3b0f35f79', 'group_uid': '9077f8df-be3d-4137-8a27-dd22115ccec6', 'role_uid': '6948d8e6-eca6-4c12-9241-a47db34db467', 'account_uid': 'f002a8f6-0ef1-4377-9edf-15d3001ca3d9'}]",1201
Restaurant Brands Asia,1792b426-f309-43a4-8be0-44fc9e02d9aa,Success,"[{'uid': 'ddd5f619-ebbe-4a87-8d65-b894931dd6b0', 'group_uid': '1792b426-f309-43a4-8be0-44fc9e02d9aa', 'role_uid': '1544916c-0ce0-4042-a8e5-6e18042c73b7', 'account_uid': '4b994109-6133-4156-8cb0-70879f915e47'}, {'uid': '3ef636e8-f8d0-47aa-a1bb-d9a28abf4af7', 'group_uid': '1792b426-f309-43a4-8be0-44fc9e02d9aa', 'role_uid': '9e7c812c-c063-4613-9776-31f635bd1c03', 'account_uid': '4b994109-6133-4156-8cb0-70879f915e47'}, {'uid': '8149f485-6488-4e40-974f-27df4c8bab56', 'group_uid': '1792b426-f309-43a4-8be0-44fc9e02d9aa', 'role_uid': '6948d8e6-eca6-4c12-9241-a47db34db467', 'account_uid': '4b994109-6133-4156-8cb0-70879f915e47'}]",1208
Retail Fiesta,a4755662-9845-4ab6-bd59-7b490846edca,Success,"[{'uid': 'c8592059-d52b-4ab4-9ea0-3f94fff5d9e3', 'group_uid': 'a4755662-9845-4ab6-bd59-7b490846edca', 'role_uid': '1544916c-0ce0-4042-a8e5-6e18042c73b7', 'account_uid': '2add9839-baa1-4f7a-9755-a034915e6afd'}, {'uid': '914eb9c6-a015-40f3-babf-4ea7bdadfbe4', 'group_uid': 'a4755662-9845-4ab6-bd59-7b490846edca', 'role_uid': '9e7c812c-c063-4613-9776-31f635bd1c03', 'account_uid': '2add9839-baa1-4f7a-9755-a034915e6afd'}, {'uid': 'ec02c985-6ca6-4c46-be84-2ccbb9a2da38', 'group_uid': 'a4755662-9845-4ab6-bd59-7b490846edca', 'role_uid': '6948d8e6-eca6-4c12-9241-a47db34db467', 'account_uid': '2add9839-baa1-4f7a-9755-a034915e6afd'}]",1213
Revelations Biotech,97f07fc0-2ba8-4a9f-b416-66bb8a77e620,Success,"[{'uid': '44203381-cd25-4e01-8da6-5e6aba677e5a', 'group_uid': '97f07fc0-2ba8-4a9f-b416-66bb8a77e620', 'role_uid': '1544916c-0ce0-4042-a8e5-6e18042c73b7', 'account_uid': 'ea259438-f2e3-45b3-9cf3-d3dc2d876a2a'}, {'uid': 'd2da6e54-8894-4d88-83c2-662d56c108d4', 'group_uid': '97f07fc0-2ba8-4a9f-b416-66bb8a77e620', 'role_uid': '9e7c812c-c063-4613-9776-31f635bd1c03', 'account_uid': 'ea259438-f2e3-45b3-9cf3-d3dc2d876a2a'}, {'uid': '4698d722-a252-44f6-ab1c-e6e321d2e238', 'group_uid': '97f07fc0-2ba8-4a9f-b416-66bb8a77e620', 'role_uid': '6948d8e6-eca6-4c12-9241-a47db34db467', 'account_uid': 'ea259438-f2e3-45b3-9cf3-d3dc2d876a2a'}]",1217
Rights Education And Development Centre,813cca89-df27-4f1c-98c1-13a7629b692b,Success,"[{'uid': '1c050d41-9acc-43e6-a054-19f58687b807', 'group_uid': '813cca89-df27-4f1c-98c1-13a7629b692b', 'role_uid': '1544916c-0ce0-4042-a8e5-6e18042c73b7', 'account_uid': 'b270e554-9ba4-4209-84ea-5ce5e03d33ed'}, {'uid': '928610a3-14a4-4f5f-a45d-8b4350913126', 'group_uid': '813cca89-df27-4f1c-98c1-13a7629b692b', 'role_uid': '9e7c812c-c063-4613-9776-31f635bd1c03', 'account_uid': 'b270e554-9ba4-4209-84ea-5ce5e03d33ed'}, {'uid': '179b9bac-37d4-467b-b57b-1de06bc90efe', 'group_uid': '813cca89-df27-4f1c-98c1-13a7629b692b', 'role_uid': '6948d8e6-eca6-4c12-9241-a47db34db467', 'account_uid': 'b270e554-9ba4-4209-84ea-5ce5e03d33ed'}]",1226
Royal Multisport,03a2d70c-e266-41c6-b2b7-3d06cec3db32,Success,"[{'uid': '6130dd0b-db32-428c-bb02-40f72d9a2156', 'group_uid': '03a2d70c-e266-41c6-b2b7-3d06cec3db32', 'role_uid': '1544916c-0ce0-4042-a8e5-6e18042c73b7', 'account_uid': 'e6564287-e59d-408f-af76-72d90fdf7fa4'}, {'uid': '61972846-228b-4d0e-acdf-afe40b173391', 'group_uid': '03a2d70c-e266-41c6-b2b7-3d06cec3db32', 'role_uid': '9e7c812c-c063-4613-9776-31f635bd1c03', 'account_uid': 'e6564287-e59d-408f-af76-72d90fdf7fa4'}, {'uid': '76b70a22-1505-41aa-8c9a-46a65a1183d4', 'group_uid': '03a2d70c-e266-41c6-b2b7-3d06cec3db32', 'role_uid': '6948d8e6-eca6-4c12-9241-a47db34db467', 'account_uid': 'e6564287-e59d-408f-af76-72d90fdf7fa4'}]",1232
Royal Challengers Sports,1358cc5a-7478-42d5-9eca-9d6cc3b351a6,Success,"[{'uid': 'f77d780a-51b1-4422-a13f-ff926fbac3c4', 'group_uid': '1358cc5a-7478-42d5-9eca-9d6cc3b351a6', 'role_uid': '1544916c-0ce0-4042-a8e5-6e18042c73b7', 'account_uid': 'a31be626-db58-44cb-9ec4-71865a1b6056'}, {'uid': '3c273b2f-fb8c-4311-864b-b7b9945391bf', 'group_uid': '1358cc5a-7478-42d5-9eca-9d6cc3b351a6', 'role_uid': '9e7c812c-c063-4613-9776-31f635bd1c03', 'account_uid': 'a31be626-db58-44cb-9ec4-71865a1b6056'}, {'uid': 'f58a084d-1f89-4d14-87fe-db35b5d693b4', 'group_uid': '1358cc5a-7478-42d5-9eca-9d6cc3b351a6', 'role_uid': '6948d8e6-eca6-4c12-9241-a47db34db467', 'account_uid': 'a31be626-db58-44cb-9ec4-71865a1b6056'}]",1236
RPSG Sport,0fc5f473-cba8-4bcc-a7f4-da705e5cbf9e,Success,"[{'uid': '73d12522-508b-4d22-8d4f-3993c4ee9685', 'group_uid': '0fc5f473-cba8-4bcc-a7f4-da705e5cbf9e', 'role_uid': '1544916c-0ce0-4042-a8e5-6e18042c73b7', 'account_uid': 'ef2b5f8a-fc55-4dc6-86f8-d9b9635f888e'}, {'uid': '56bb4c30-3540-4bd3-981f-3e07f05a03bf', 'group_uid': '0fc5f473-cba8-4bcc-a7f4-da705e5cbf9e', 'role_uid': '9e7c812c-c063-4613-9776-31f635bd1c03', 'account_uid': 'ef2b5f8a-fc55-4dc6-86f8-d9b9635f888e'}, {'uid': '177fefe8-f59f-48f9-820e-4560feef56d5', 'group_uid': '0fc5f473-cba8-4bcc-a7f4-da705e5cbf9e', 'role_uid': '6948d8e6-eca6-4c12-9241-a47db34db467', 'account_uid': 'ef2b5f8a-fc55-4dc6-86f8-d9b9635f888e'}]",1240
Rupeek Fintech,d85c3f9c-f301-442c-87d3-232c9cce7a9e,Success,"[{'uid': 'a50cbed6-c3f0-4853-b6b2-64928a22ff04', 'group_uid': 'd85c3f9c-f301-442c-87d3-232c9cce7a9e', 'role_uid': '1544916c-0ce0-4042-a8e5-6e18042c73b7', 'account_uid': 'c9ae8a7b-411a-48b1-ab0c-6c565d29582d'}, {'uid': '2187dad3-4c22-4acd-ac11-b2efba61117e', 'group_uid': 'd85c3f9c-f301-442c-87d3-232c9cce7a9e', 'role_uid': '9e7c812c-c063-4613-9776-31f635bd1c03', 'account_uid': 'c9ae8a7b-411a-48b1-ab0c-6c565d29582d'}, {'uid': '873de79e-3014-47cb-96e6-3726ea3c8fc7', 'group_uid': 'd85c3f9c-f301-442c-87d3-232c9cce7a9e', 'role_uid': '6948d8e6-eca6-4c12-9241-a47db34db467', 'account_uid': 'c9ae8a7b-411a-48b1-ab0c-6c565d29582d'}]",1245
Richemont,f46643a8-9b11-4ae5-a9d0-bb90996ba200,Failed,"Patch roles failed: 422 - {""code"":422,""message"":""Group f46643a8-9b11-4ae5-a9d0-bb90996ba200 not available in account 0e5e808e-cb6e-48de-96e4-362e53c693aa.""}",1251
RSPL,ded250dd-0f7c-438d-97ab-9536cde9cc9d,Success,"[{'uid': 'f14fcc1a-43cd-4546-ad6b-1500e0795557', 'group_uid': 'ded250dd-0f7c-438d-97ab-9536cde9cc9d', 'role_uid': '1544916c-0ce0-4042-a8e5-6e18042c73b7', 'account_uid': '7da8276b-3bf0-4d88-8d0b-fd2fb2c15ca5'}, {'uid': 'cb86e093-9482-4d6d-a853-f75439c8482f', 'group_uid': 'ded250dd-0f7c-438d-97ab-9536cde9cc9d', 'role_uid': '9e7c812c-c063-4613-9776-31f635bd1c03', 'account_uid': '7da8276b-3bf0-4d88-8d0b-fd2fb2c15ca5'}, {'uid': '156ccf10-6309-48b7-9748-6adbe5dc31e3', 'group_uid': 'ded250dd-0f7c-438d-97ab-9536cde9cc9d', 'role_uid': '6948d8e6-eca6-4c12-9241-a47db34db467', 'account_uid': '7da8276b-3bf0-4d88-8d0b-fd2fb2c15ca5'}]",1255
Rusk Media,2eae2d31-1424-411e-954a-f4dad47d0544,Success,"[{'uid': '3ab1d1b2-b24b-4513-ad93-c7ebbefa5590', 'group_uid': '2eae2d31-1424-411e-954a-f4dad47d0544', 'role_uid': '1544916c-0ce0-4042-a8e5-6e18042c73b7', 'account_uid': '7cbad8b2-0095-4380-87eb-c0bbd6d58399'}, {'uid': 'ebed4dad-b142-486e-9f61-8a67ea1ead70', 'group_uid': '2eae2d31-1424-411e-954a-f4dad47d0544', 'role_uid': '9e7c812c-c063-4613-9776-31f635bd1c03', 'account_uid': '7cbad8b2-0095-4380-87eb-c0bbd6d58399'}, {'uid': 'c6184141-9722-40d0-afab-d9bca12f6f89', 'group_uid': '2eae2d31-1424-411e-954a-f4dad47d0544', 'role_uid': '6948d8e6-eca6-4c12-9241-a47db34db467', 'account_uid': '7cbad8b2-0095-4380-87eb-c0bbd6d58399'}]",1260
Sakal Media,aa2361d5-39bc-4ad7-92f2-651b08d66fa2,Success,"[{'uid': '7d052430-7fe0-479e-8ac3-cd69f1604340', 'group_uid': 'aa2361d5-39bc-4ad7-92f2-651b08d66fa2', 'role_uid': '1544916c-0ce0-4042-a8e5-6e18042c73b7', 'account_uid': 'd50e1d5e-d210-4bcd-8884-3b8fdfbca259'}, {'uid': 'bf48fe4d-dc81-4427-9eca-03849451d42c', 'group_uid': 'aa2361d5-39bc-4ad7-92f2-651b08d66fa2', 'role_uid': '9e7c812c-c063-4613-9776-31f635bd1c03', 'account_uid': 'd50e1d5e-d210-4bcd-8884-3b8fdfbca259'}, {'uid': '3ebdb4a0-f281-4ab1-967d-8a49de823469', 'group_uid': 'aa2361d5-39bc-4ad7-92f2-651b08d66fa2', 'role_uid': '6948d8e6-eca6-4c12-9241-a47db34db467', 'account_uid': 'd50e1d5e-d210-4bcd-8884-3b8fdfbca259'}]",1265
S. H. Retail,62cacc04-4081-4710-aba8-05ca6f2a2900,Success,"[{'uid': '156cb53e-28e8-46da-a872-4b2eb162ac8b', 'group_uid': '62cacc04-4081-4710-aba8-05ca6f2a2900', 'role_uid': '1544916c-0ce0-4042-a8e5-6e18042c73b7', 'account_uid': 'f3557c24-aceb-4f40-8d4f-56003e7e3ffa'}, {'uid': 'bac9dca6-3a0b-41db-a343-bc0193147e50', 'group_uid': '62cacc04-4081-4710-aba8-05ca6f2a2900', 'role_uid': '9e7c812c-c063-4613-9776-31f635bd1c03', 'account_uid': 'f3557c24-aceb-4f40-8d4f-56003e7e3ffa'}, {'uid': 'b95b25f3-7e3b-4081-b856-01674f160faf', 'group_uid': '62cacc04-4081-4710-aba8-05ca6f2a2900', 'role_uid': '6948d8e6-eca6-4c12-9241-a47db34db467', 'account_uid': 'f3557c24-aceb-4f40-8d4f-56003e7e3ffa'}]",1272
Savex Technologies,8589a6ea-f48f-446c-8275-d035dfd04d74,Success,"[{'uid': 'e165ae75-842e-454c-a988-0952752a30f3', 'group_uid': '8589a6ea-f48f-446c-8275-d035dfd04d74', 'role_uid': '1544916c-0ce0-4042-a8e5-6e18042c73b7', 'account_uid': '67d752e9-56cd-4050-b1b3-386b8869a217'}, {'uid': 'c2e2a728-fb7b-4ae5-815c-8c8f02c59f4c', 'group_uid': '8589a6ea-f48f-446c-8275-d035dfd04d74', 'role_uid': '9e7c812c-c063-4613-9776-31f635bd1c03', 'account_uid': '67d752e9-56cd-4050-b1b3-386b8869a217'}, {'uid': '65ac07ca-f97f-4d89-bf66-4a4423f47606', 'group_uid': '8589a6ea-f48f-446c-8275-d035dfd04d74', 'role_uid': '6948d8e6-eca6-4c12-9241-a47db34db467', 'account_uid': '67d752e9-56cd-4050-b1b3-386b8869a217'}]",1276
Sharekhan,a9854ca7-b377-401c-8bbe-41bc9442b3df,Success,"[{'uid': '60d8dded-f030-4928-a736-56878e9a77d5', 'group_uid': 'a9854ca7-b377-401c-8bbe-41bc9442b3df', 'role_uid': '1544916c-0ce0-4042-a8e5-6e18042c73b7', 'account_uid': '5336e3ba-7c6b-4c23-9d4d-25502f478c44'}, {'uid': '76dce680-145a-4b73-8994-5d9db2cdba1f', 'group_uid': 'a9854ca7-b377-401c-8bbe-41bc9442b3df', 'role_uid': '9e7c812c-c063-4613-9776-31f635bd1c03', 'account_uid': '5336e3ba-7c6b-4c23-9d4d-25502f478c44'}, {'uid': '41d32b31-e924-4839-b486-6e56983e25bf', 'group_uid': 'a9854ca7-b377-401c-8bbe-41bc9442b3df', 'role_uid': '6948d8e6-eca6-4c12-9241-a47db34db467', 'account_uid': '5336e3ba-7c6b-4c23-9d4d-25502f478c44'}]",1281
Sennheiser,94914e2a-b73c-41a5-80c7-06768bd3754f,Success,"[{'uid': 'cb58366c-276b-4ae8-b26f-c8a6049a4be6', 'group_uid': '94914e2a-b73c-41a5-80c7-06768bd3754f', 'role_uid': '1544916c-0ce0-4042-a8e5-6e18042c73b7', 'account_uid': '4aa046ce-99bb-4a60-8551-d01227566f2a'}, {'uid': 'fb899650-161c-4fcd-a84e-44ae7491f31a', 'group_uid': '94914e2a-b73c-41a5-80c7-06768bd3754f', 'role_uid': '9e7c812c-c063-4613-9776-31f635bd1c03', 'account_uid': '4aa046ce-99bb-4a60-8551-d01227566f2a'}, {'uid': '25d97032-7662-46a6-9cc0-a1919e0e690c', 'group_uid': '94914e2a-b73c-41a5-80c7-06768bd3754f', 'role_uid': '6948d8e6-eca6-4c12-9241-a47db34db467', 'account_uid': '4aa046ce-99bb-4a60-8551-d01227566f2a'}]",1283
Shemaroo Entertainment,27af5e14-8392-4512-9bdd-a3210c3c8e00,Success,"[{'uid': 'ec05ae55-d8c1-48b1-8d37-fcd2008ad0aa', 'group_uid': '27af5e14-8392-4512-9bdd-a3210c3c8e00', 'role_uid': '1544916c-0ce0-4042-a8e5-6e18042c73b7', 'account_uid': 'b9b81dcb-a054-4ac1-ba47-c3f2dcb5fea2'}, {'uid': '95310612-9ee1-4523-b822-3a4504f581b0', 'group_uid': '27af5e14-8392-4512-9bdd-a3210c3c8e00', 'role_uid': '9e7c812c-c063-4613-9776-31f635bd1c03', 'account_uid': 'b9b81dcb-a054-4ac1-ba47-c3f2dcb5fea2'}, {'uid': '0a28c8bd-9c6e-490a-94c3-5d60c0183be6', 'group_uid': '27af5e14-8392-4512-9bdd-a3210c3c8e00', 'role_uid': '6948d8e6-eca6-4c12-9241-a47db34db467', 'account_uid': 'b9b81dcb-a054-4ac1-ba47-c3f2dcb5fea2'}]",1289
Sharekhan,dabe663c-905d-45f1-ac64-2d4cf7eb39fc,Success,"[{'uid': '26281dbc-1a11-488d-b04d-7d47fbe3239e', 'group_uid': 'dabe663c-905d-45f1-ac64-2d4cf7eb39fc', 'role_uid': '1544916c-0ce0-4042-a8e5-6e18042c73b7', 'account_uid': '5336e3ba-7c6b-4c23-9d4d-25502f478c44'}, {'uid': 'fc08ab21-2983-4a8d-b5a2-f0053828e968', 'group_uid': 'dabe663c-905d-45f1-ac64-2d4cf7eb39fc', 'role_uid': '9e7c812c-c063-4613-9776-31f635bd1c03', 'account_uid': '5336e3ba-7c6b-4c23-9d4d-25502f478c44'}, {'uid': '360c1724-9b96-45fd-b333-acd1ae797a8e', 'group_uid': 'dabe663c-905d-45f1-ac64-2d4cf7eb39fc', 'role_uid': '6948d8e6-eca6-4c12-9241-a47db34db467', 'account_uid': '5336e3ba-7c6b-4c23-9d4d-25502f478c44'}]",1294
Shooting Stars Foundation,90ff588b-d6ad-4667-8b55-b957af63946a,Success,"[{'uid': '54a1cba8-6e71-4c98-be58-8dd4a196f61f', 'group_uid': '90ff588b-d6ad-4667-8b55-b957af63946a', 'role_uid': '1544916c-0ce0-4042-a8e5-6e18042c73b7', 'account_uid': '0417cf90-5383-496c-a3ea-823b98e61fec'}, {'uid': '5c359dec-6ae3-479a-9434-fe8404f9cc98', 'group_uid': '90ff588b-d6ad-4667-8b55-b957af63946a', 'role_uid': '9e7c812c-c063-4613-9776-31f635bd1c03', 'account_uid': '0417cf90-5383-496c-a3ea-823b98e61fec'}, {'uid': '61207331-80eb-4451-bfc4-b3f4f657603b', 'group_uid': '90ff588b-d6ad-4667-8b55-b957af63946a', 'role_uid': '6948d8e6-eca6-4c12-9241-a47db34db467', 'account_uid': '0417cf90-5383-496c-a3ea-823b98e61fec'}]",1300
Sleepyhead Home Decor,c1dd1c42-c18f-41ec-9b95-a772411e0a30,Success,"[{'uid': '6f700dc3-39de-4366-8c1f-ea84db0fd6d7', 'group_uid': 'c1dd1c42-c18f-41ec-9b95-a772411e0a30', 'role_uid': '1544916c-0ce0-4042-a8e5-6e18042c73b7', 'account_uid': '6da1c5eb-a125-4fe1-a7e0-a817ba5a12e8'}, {'uid': '473247c2-c24a-4956-ad97-b4995e1655c9', 'group_uid': 'c1dd1c42-c18f-41ec-9b95-a772411e0a30', 'role_uid': '9e7c812c-c063-4613-9776-31f635bd1c03', 'account_uid': '6da1c5eb-a125-4fe1-a7e0-a817ba5a12e8'}, {'uid': 'a02a06d7-e15d-4e7e-8c1c-baf4fa4898c2', 'group_uid': 'c1dd1c42-c18f-41ec-9b95-a772411e0a30', 'role_uid': '6948d8e6-eca6-4c12-9241-a47db34db467', 'account_uid': '6da1c5eb-a125-4fe1-a7e0-a817ba5a12e8'}]",1305
Smaax Digitech,40b9f24f-a0c7-4cb3-ba80-e6ae1635a716,Success,"[{'uid': '999d7f4b-e004-449c-8841-f9f23f569c7f', 'group_uid': '40b9f24f-a0c7-4cb3-ba80-e6ae1635a716', 'role_uid': '1544916c-0ce0-4042-a8e5-6e18042c73b7', 'account_uid': 'fa662440-7671-47b3-9c02-39add585b0ff'}, {'uid': 'a8cb2320-67c0-4fa8-904c-bb915f0e1dc6', 'group_uid': '40b9f24f-a0c7-4cb3-ba80-e6ae1635a716', 'role_uid': '9e7c812c-c063-4613-9776-31f635bd1c03', 'account_uid': 'fa662440-7671-47b3-9c02-39add585b0ff'}, {'uid': 'ce73713d-63ab-4f64-b362-0a4f01575c91', 'group_uid': '40b9f24f-a0c7-4cb3-ba80-e6ae1635a716', 'role_uid': '6948d8e6-eca6-4c12-9241-a47db34db467', 'account_uid': 'fa662440-7671-47b3-9c02-39add585b0ff'}]",1311
Shell,e0017bf1-e74d-432c-b5bb-6f9594e7b27b,Failed,"Patch roles failed: 422 - {""code"":422,""message"":""Group e0017bf1-e74d-432c-b5bb-6f9594e7b27b not available in account 2a24ef84-e12a-4106-9647-8405b318807d.""}",1320
Snv Aviation,2e848372-ff03-4642-8a3f-0201654805ca,Success,"[{'uid': '5cc5a916-e450-4e6c-a548-23be686bbeed', 'group_uid': '2e848372-ff03-4642-8a3f-0201654805ca', 'role_uid': '1544916c-0ce0-4042-a8e5-6e18042c73b7', 'account_uid': 'cde2f184-0c67-4a61-88d0-8a5721383022'}, {'uid': '45cbf484-74df-4563-af78-11f91443bca8', 'group_uid': '2e848372-ff03-4642-8a3f-0201654805ca', 'role_uid': '9e7c812c-c063-4613-9776-31f635bd1c03', 'account_uid': 'cde2f184-0c67-4a61-88d0-8a5721383022'}, {'uid': '156e5458-09d8-4eac-96d3-01f93741c11f', 'group_uid': '2e848372-ff03-4642-8a3f-0201654805ca', 'role_uid': '6948d8e6-eca6-4c12-9241-a47db34db467', 'account_uid': 'cde2f184-0c67-4a61-88d0-8a5721383022'}]",1324
Social Worth Technologies,14a03a5c-1652-424e-9173-cd4480cbc2fd,Success,"[{'uid': '76b82cbf-fba2-4155-b8cf-57a1e85c8fc2', 'group_uid': '14a03a5c-1652-424e-9173-cd4480cbc2fd', 'role_uid': '1544916c-0ce0-4042-a8e5-6e18042c73b7', 'account_uid': 'feeaa3ad-26e7-4963-acc1-e32726796ed8'}, {'uid': 'a0f486eb-c608-48fc-8e0e-113c529d4d63', 'group_uid': '14a03a5c-1652-424e-9173-cd4480cbc2fd', 'role_uid': '9e7c812c-c063-4613-9776-31f635bd1c03', 'account_uid': 'feeaa3ad-26e7-4963-acc1-e32726796ed8'}, {'uid': 'c8569c5e-1812-4817-a19c-9d0268621fcb', 'group_uid': '14a03a5c-1652-424e-9173-cd4480cbc2fd', 'role_uid': '6948d8e6-eca6-4c12-9241-a47db34db467', 'account_uid': 'feeaa3ad-26e7-4963-acc1-e32726796ed8'}]",1328
Sodexo Svc,043f71f3-0dd6-4937-919b-b88c38561306,Success,"[{'uid': '2692dccb-014e-4fe9-92f3-df4459781f93', 'group_uid': '043f71f3-0dd6-4937-919b-b88c38561306', 'role_uid': '1544916c-0ce0-4042-a8e5-6e18042c73b7', 'account_uid': 'bc103cd6-07d0-4289-b2eb-5b180295530b'}, {'uid': 'f2db830e-da3c-48a9-806e-b7f1f9b99a7c', 'group_uid': '043f71f3-0dd6-4937-919b-b88c38561306', 'role_uid': '9e7c812c-c063-4613-9776-31f635bd1c03', 'account_uid': 'bc103cd6-07d0-4289-b2eb-5b180295530b'}, {'uid': '7980230f-52ff-402b-bd34-e985d3348c5e', 'group_uid': '043f71f3-0dd6-4937-919b-b88c38561306', 'role_uid': '6948d8e6-eca6-4c12-9241-a47db34db467', 'account_uid': 'bc103cd6-07d0-4289-b2eb-5b180295530b'}]",1333
Siemens Financial Services,575afb40-0621-4948-a6f2-89208508e5ac,Failed,"Patch roles failed: 422 - {""code"":422,""message"":""Group 575afb40-0621-4948-a6f2-89208508e5ac not available in account a6085c09-d119-4694-a7e1-922536e1d9bd.""}",1338
Spencer'S Retail,e635eccd-4f0a-4f6b-8a12-9de7973f034f,Success,"[{'uid': 'e4d366c3-9991-4471-9d55-aa88acf98828', 'group_uid': 'e635eccd-4f0a-4f6b-8a12-9de7973f034f', 'role_uid': '1544916c-0ce0-4042-a8e5-6e18042c73b7', 'account_uid': '1d7fe64d-bb7d-4740-aeed-b59d78ae269a'}, {'uid': 'c60d14eb-42e9-415a-befd-cf39e8269a02', 'group_uid': 'e635eccd-4f0a-4f6b-8a12-9de7973f034f', 'role_uid': '9e7c812c-c063-4613-9776-31f635bd1c03', 'account_uid': '1d7fe64d-bb7d-4740-aeed-b59d78ae269a'}, {'uid': '004070fb-4cc0-4b56-bc55-9c11642f754b', 'group_uid': 'e635eccd-4f0a-4f6b-8a12-9de7973f034f', 'role_uid': '6948d8e6-eca6-4c12-9241-a47db34db467', 'account_uid': '1d7fe64d-bb7d-4740-aeed-b59d78ae269a'}]",1344
St. Jude India Child Care Centre,efcb240a-c143-4e30-8077-7ed2b8048a06,Success,"[{'uid': '8d0128d1-dd7e-44c0-964e-1ec59a1cf639', 'group_uid': 'efcb240a-c143-4e30-8077-7ed2b8048a06', 'role_uid': '1544916c-0ce0-4042-a8e5-6e18042c73b7', 'account_uid': 'c64efca0-7e4c-4e51-8ba1-a5f8864af2a9'}, {'uid': '8ab29175-0bcb-4dbe-b153-b23f0da5e41f', 'group_uid': 'efcb240a-c143-4e30-8077-7ed2b8048a06', 'role_uid': '9e7c812c-c063-4613-9776-31f635bd1c03', 'account_uid': 'c64efca0-7e4c-4e51-8ba1-a5f8864af2a9'}, {'uid': '3f3b0757-7010-465e-9149-970ed85da8ca', 'group_uid': 'efcb240a-c143-4e30-8077-7ed2b8048a06', 'role_uid': '6948d8e6-eca6-4c12-9241-a47db34db467', 'account_uid': 'c64efca0-7e4c-4e51-8ba1-a5f8864af2a9'}]",1348
Star Dental Centre,1a25c159-2d45-4e97-971c-60057e4fd2c9,Success,"[{'uid': 'f5b51cdd-2290-4bc2-8fa2-54733b42571e', 'group_uid': '1a25c159-2d45-4e97-971c-60057e4fd2c9', 'role_uid': '1544916c-0ce0-4042-a8e5-6e18042c73b7', 'account_uid': '8c9074e2-0942-4387-98ef-5c8c2235ff95'}, {'uid': '486bbe7c-e246-4316-acee-4f884e0ec73c', 'group_uid': '1a25c159-2d45-4e97-971c-60057e4fd2c9', 'role_uid': '9e7c812c-c063-4613-9776-31f635bd1c03', 'account_uid': '8c9074e2-0942-4387-98ef-5c8c2235ff95'}, {'uid': 'ac04762f-163f-41ee-bbdc-73b6d4f839ef', 'group_uid': '1a25c159-2d45-4e97-971c-60057e4fd2c9', 'role_uid': '6948d8e6-eca6-4c12-9241-a47db34db467', 'account_uid': '8c9074e2-0942-4387-98ef-5c8c2235ff95'}]",1354
Star Health And Allied Insurance Company,14ed533b-59b5-4009-95ed-9b76523a9e44,Success,"[{'uid': 'dcaa96de-95dd-4429-80f9-7835b64481e3', 'group_uid': '14ed533b-59b5-4009-95ed-9b76523a9e44', 'role_uid': '1544916c-0ce0-4042-a8e5-6e18042c73b7', 'account_uid': 'b1a74666-4914-4fac-9179-3cfcfc01fc5f'}, {'uid': 'dafb18a6-d8cb-44c7-81b6-22900dab9fb4', 'group_uid': '14ed533b-59b5-4009-95ed-9b76523a9e44', 'role_uid': '9e7c812c-c063-4613-9776-31f635bd1c03', 'account_uid': 'b1a74666-4914-4fac-9179-3cfcfc01fc5f'}, {'uid': 'baec89e0-ae31-4d1c-a433-afeceb10bd64', 'group_uid': '14ed533b-59b5-4009-95ed-9b76523a9e44', 'role_uid': '6948d8e6-eca6-4c12-9241-a47db34db467', 'account_uid': 'b1a74666-4914-4fac-9179-3cfcfc01fc5f'}]",1358
Solaron Homes,1855deba-ed26-452f-81c3-49b34b0aaca7,Success,"[{'uid': '8b25147f-e928-4e9c-a30b-2bd1cbae04cb', 'group_uid': '1855deba-ed26-452f-81c3-49b34b0aaca7', 'role_uid': '1544916c-0ce0-4042-a8e5-6e18042c73b7', 'account_uid': '2cd038f3-9b86-4541-b19a-e3d406d7d03f'}, {'uid': 'a4ad2ff1-5e4f-4ec1-a501-05812f952598', 'group_uid': '1855deba-ed26-452f-81c3-49b34b0aaca7', 'role_uid': '9e7c812c-c063-4613-9776-31f635bd1c03', 'account_uid': '2cd038f3-9b86-4541-b19a-e3d406d7d03f'}, {'uid': '30fca8a0-c096-4921-8aca-50132dd20f38', 'group_uid': '1855deba-ed26-452f-81c3-49b34b0aaca7', 'role_uid': '6948d8e6-eca6-4c12-9241-a47db34db467', 'account_uid': '2cd038f3-9b86-4541-b19a-e3d406d7d03f'}]",1364
Streepkopgans B.V. Eqt,1962b8ba-c86a-4567-a652-c6c406120021,Success,"[{'uid': '5b08381c-e2e6-4677-8ca7-b6e28339f4e2', 'group_uid': '1962b8ba-c86a-4567-a652-c6c406120021', 'role_uid': '1544916c-0ce0-4042-a8e5-6e18042c73b7', 'account_uid': 'acb82aa8-b0ec-48d9-b632-cc4350208e06'}, {'uid': '470f96a1-654d-45bb-8486-0ce6fbc415d3', 'group_uid': '1962b8ba-c86a-4567-a652-c6c406120021', 'role_uid': '9e7c812c-c063-4613-9776-31f635bd1c03', 'account_uid': 'acb82aa8-b0ec-48d9-b632-cc4350208e06'}, {'uid': '116bec7b-77e2-4060-a9c8-73e6e1b68362', 'group_uid': '1962b8ba-c86a-4567-a652-c6c406120021', 'role_uid': '6948d8e6-eca6-4c12-9241-a47db34db467', 'account_uid': 'acb82aa8-b0ec-48d9-b632-cc4350208e06'}]",1369
Star Smile Technologies,2c315b49-174c-4f25-bfe1-3e0825bdb342,Success,"[{'uid': '16509223-e8f6-481d-ac53-fa1dd65e9d27', 'group_uid': '2c315b49-174c-4f25-bfe1-3e0825bdb342', 'role_uid': '1544916c-0ce0-4042-a8e5-6e18042c73b7', 'account_uid': '30c3d897-9fab-49d5-8262-f536b001ba76'}, {'uid': '86dc67ff-2c80-40ef-ac3d-aeb0caf036af', 'group_uid': '2c315b49-174c-4f25-bfe1-3e0825bdb342', 'role_uid': '9e7c812c-c063-4613-9776-31f635bd1c03', 'account_uid': '30c3d897-9fab-49d5-8262-f536b001ba76'}, {'uid': 'b3f8b735-7999-41bc-8563-151abadf0306', 'group_uid': '2c315b49-174c-4f25-bfe1-3e0825bdb342', 'role_uid': '6948d8e6-eca6-4c12-9241-a47db34db467', 'account_uid': '30c3d897-9fab-49d5-8262-f536b001ba76'}]",1373
Sun Pharmaceutical,11d88b91-f905-4d72-b791-10a280df6f51,Success,"[{'uid': '51509b1a-031a-4500-82cf-7f9caf604aae', 'group_uid': '11d88b91-f905-4d72-b791-10a280df6f51', 'role_uid': '1544916c-0ce0-4042-a8e5-6e18042c73b7', 'account_uid': 'e10d8a80-59e0-4a20-a3a3-0b3e7e1c597f'}, {'uid': '57e0c250-fa13-4564-85dd-18a439e010e4', 'group_uid': '11d88b91-f905-4d72-b791-10a280df6f51', 'role_uid': '9e7c812c-c063-4613-9776-31f635bd1c03', 'account_uid': 'e10d8a80-59e0-4a20-a3a3-0b3e7e1c597f'}, {'uid': '84ac7d37-f986-4a7d-b827-f483a9ad1a62', 'group_uid': '11d88b91-f905-4d72-b791-10a280df6f51', 'role_uid': '6948d8e6-eca6-4c12-9241-a47db34db467', 'account_uid': 'e10d8a80-59e0-4a20-a3a3-0b3e7e1c597f'}]",1378
Sunflame Enterprises,0857efb5-898a-43bb-8098-4859ceded38c,Success,"[{'uid': '1f6c433b-37ee-4043-871e-520f5abd985b', 'group_uid': '0857efb5-898a-43bb-8098-4859ceded38c', 'role_uid': '1544916c-0ce0-4042-a8e5-6e18042c73b7', 'account_uid': '743b7be5-4eb3-4d36-ad96-281321f89ab6'}, {'uid': 'dc66f209-ffdb-46c0-8b74-c595feb9bb3e', 'group_uid': '0857efb5-898a-43bb-8098-4859ceded38c', 'role_uid': '9e7c812c-c063-4613-9776-31f635bd1c03', 'account_uid': '743b7be5-4eb3-4d36-ad96-281321f89ab6'}, {'uid': '6bfbd535-8565-44d6-b9e1-082b865ca2a8', 'group_uid': '0857efb5-898a-43bb-8098-4859ceded38c', 'role_uid': '6948d8e6-eca6-4c12-9241-a47db34db467', 'account_uid': '743b7be5-4eb3-4d36-ad96-281321f89ab6'}]",1384
Taj Bengal - A Unit Of Indian Hotels Com,085e8622-db64-4f82-84da-9af4ce6aeeae,Success,"[{'uid': '17df0a2a-0b6f-4931-acb7-e16bfdc4745b', 'group_uid': '085e8622-db64-4f82-84da-9af4ce6aeeae', 'role_uid': '1544916c-0ce0-4042-a8e5-6e18042c73b7', 'account_uid': 'c6976826-2d9d-490d-85de-6f238250ccea'}, {'uid': 'cc0b1b91-7883-4b4e-b37b-4081f6e61dca', 'group_uid': '085e8622-db64-4f82-84da-9af4ce6aeeae', 'role_uid': '9e7c812c-c063-4613-9776-31f635bd1c03', 'account_uid': 'c6976826-2d9d-490d-85de-6f238250ccea'}, {'uid': 'f4bc59cf-85d0-4ee4-88e5-256b0426b3f5', 'group_uid': '085e8622-db64-4f82-84da-9af4ce6aeeae', 'role_uid': '6948d8e6-eca6-4c12-9241-a47db34db467', 'account_uid': 'c6976826-2d9d-490d-85de-6f238250ccea'}]",1389
Sun Direct TV,2b1fdbaa-7510-48a2-8001-3a9e937676b4,Success,"[{'uid': '10a64dcd-1e12-44e7-89aa-11cf7cf38c35', 'group_uid': '2b1fdbaa-7510-48a2-8001-3a9e937676b4', 'role_uid': '1544916c-0ce0-4042-a8e5-6e18042c73b7', 'account_uid': 'f296d4bb-f576-4df7-89bf-fbd7105ed335'}, {'uid': 'd4b0d788-2f66-451d-892f-a2dfcee97704', 'group_uid': '2b1fdbaa-7510-48a2-8001-3a9e937676b4', 'role_uid': '9e7c812c-c063-4613-9776-31f635bd1c03', 'account_uid': 'f296d4bb-f576-4df7-89bf-fbd7105ed335'}, {'uid': '1ee4e8fb-6d55-4428-b253-a43844f696a4', 'group_uid': '2b1fdbaa-7510-48a2-8001-3a9e937676b4', 'role_uid': '6948d8e6-eca6-4c12-9241-a47db34db467', 'account_uid': 'f296d4bb-f576-4df7-89bf-fbd7105ed335'}]",1393
Tally Solutions,c4556663-a5ed-458f-a5aa-aa295d309403,Success,"[{'uid': '18bf06ef-505d-4ba9-a7f4-77caedd46b30', 'group_uid': 'c4556663-a5ed-458f-a5aa-aa295d309403', 'role_uid': '1544916c-0ce0-4042-a8e5-6e18042c73b7', 'account_uid': '4fc18dc1-925f-457d-bb4c-320be4adacce'}, {'uid': '325de744-a030-41b2-a933-d342cfc4637a', 'group_uid': 'c4556663-a5ed-458f-a5aa-aa295d309403', 'role_uid': '9e7c812c-c063-4613-9776-31f635bd1c03', 'account_uid': '4fc18dc1-925f-457d-bb4c-320be4adacce'}, {'uid': 'a056ad90-1cf0-4292-9e16-1c2fbb1d5d2e', 'group_uid': 'c4556663-a5ed-458f-a5aa-aa295d309403', 'role_uid': '6948d8e6-eca6-4c12-9241-a47db34db467', 'account_uid': '4fc18dc1-925f-457d-bb4c-320be4adacce'}]",1398
Tcm Sports Management,eeab6af5-f2e8-495b-a7ef-bbeb964acf11,Success,"[{'uid': '59210b69-5dda-498a-9477-d2ece115d411', 'group_uid': 'eeab6af5-f2e8-495b-a7ef-bbeb964acf11', 'role_uid': '1544916c-0ce0-4042-a8e5-6e18042c73b7', 'account_uid': '1d6f546b-710f-4f66-8a01-eef3247ac9cf'}, {'uid': 'cbcbd7b5-c262-44fb-8082-1ca95050e458', 'group_uid': 'eeab6af5-f2e8-495b-a7ef-bbeb964acf11', 'role_uid': '9e7c812c-c063-4613-9776-31f635bd1c03', 'account_uid': '1d6f546b-710f-4f66-8a01-eef3247ac9cf'}, {'uid': 'eba42f8f-969c-4500-bd2f-1d18ed71a024', 'group_uid': 'eeab6af5-f2e8-495b-a7ef-bbeb964acf11', 'role_uid': '6948d8e6-eca6-4c12-9241-a47db34db467', 'account_uid': '1d6f546b-710f-4f66-8a01-eef3247ac9cf'}]",1403
Swiggy,6c578056-88f9-413e-935c-6b30ce3752dc,Success,"[{'uid': '15f9a399-8ab6-40ec-90b6-7f9afaee10bd', 'group_uid': '6c578056-88f9-413e-935c-6b30ce3752dc', 'role_uid': '1544916c-0ce0-4042-a8e5-6e18042c73b7', 'account_uid': 'f2b6f6e6-af49-424b-b185-77e7b0785f7f'}, {'uid': 'a84ad53a-8b1d-4d6c-a0b0-c11064901de7', 'group_uid': '6c578056-88f9-413e-935c-6b30ce3752dc', 'role_uid': '9e7c812c-c063-4613-9776-31f635bd1c03', 'account_uid': 'f2b6f6e6-af49-424b-b185-77e7b0785f7f'}, {'uid': '0a901857-b48f-49cb-8a66-f7dd983d7e82', 'group_uid': '6c578056-88f9-413e-935c-6b30ce3752dc', 'role_uid': '6948d8e6-eca6-4c12-9241-a47db34db467', 'account_uid': 'f2b6f6e6-af49-424b-b185-77e7b0785f7f'}]",1408
Boston Consulting Group,9bb39a1e-7544-48e0-8f19-33b86dbe3077,Success,"[{'uid': 'a84645a6-4f54-4856-aef2-06a1f4632fd1', 'group_uid': '9bb39a1e-7544-48e0-8f19-33b86dbe3077', 'role_uid': '1544916c-0ce0-4042-a8e5-6e18042c73b7', 'account_uid': '0ca4b065-cadd-4b82-ad27-bfdb9a573a01'}, {'uid': '23c5aab7-8af8-4d04-a5b5-259deabe43a0', 'group_uid': '9bb39a1e-7544-48e0-8f19-33b86dbe3077', 'role_uid': '9e7c812c-c063-4613-9776-31f635bd1c03', 'account_uid': '0ca4b065-cadd-4b82-ad27-bfdb9a573a01'}, {'uid': '4772aa0f-f735-40c4-a8b4-81006814225b', 'group_uid': '9bb39a1e-7544-48e0-8f19-33b86dbe3077', 'role_uid': '6948d8e6-eca6-4c12-9241-a47db34db467', 'account_uid': '0ca4b065-cadd-4b82-ad27-bfdb9a573a01'}]",1413
The Laidir Foundation,9c49f079-80c7-4ded-b1d7-8abbdac5bcbd,Success,"[{'uid': '1dc48b40-37f3-4f5d-8ca8-4bb547a4c337', 'group_uid': '9c49f079-80c7-4ded-b1d7-8abbdac5bcbd', 'role_uid': '1544916c-0ce0-4042-a8e5-6e18042c73b7', 'account_uid': 'fa19a0ec-04d4-4f88-b5fe-9571200ae3b3'}, {'uid': 'f61c17e2-dc34-4379-b414-ce7cc937d7a8', 'group_uid': '9c49f079-80c7-4ded-b1d7-8abbdac5bcbd', 'role_uid': '9e7c812c-c063-4613-9776-31f635bd1c03', 'account_uid': 'fa19a0ec-04d4-4f88-b5fe-9571200ae3b3'}, {'uid': '57507210-4597-4d1d-88c6-a67906682b73', 'group_uid': '9c49f079-80c7-4ded-b1d7-8abbdac5bcbd', 'role_uid': '6948d8e6-eca6-4c12-9241-a47db34db467', 'account_uid': 'fa19a0ec-04d4-4f88-b5fe-9571200ae3b3'}]",1420
The Macallan Distillers,26b3ba91-b130-4421-a926-fd2797bab3c2,Success,"[{'uid': '34c54b69-8192-4a7d-ab21-314e3f39541a', 'group_uid': '26b3ba91-b130-4421-a926-fd2797bab3c2', 'role_uid': '1544916c-0ce0-4042-a8e5-6e18042c73b7', 'account_uid': '1fea70ef-7804-4108-bbae-85ff18108da8'}, {'uid': '8f41daa2-dccc-4327-b0a1-4b558f1563bc', 'group_uid': '26b3ba91-b130-4421-a926-fd2797bab3c2', 'role_uid': '9e7c812c-c063-4613-9776-31f635bd1c03', 'account_uid': '1fea70ef-7804-4108-bbae-85ff18108da8'}, {'uid': 'f81c08e7-7ef4-4ea7-9263-3fce03b914a9', 'group_uid': '26b3ba91-b130-4421-a926-fd2797bab3c2', 'role_uid': '6948d8e6-eca6-4c12-9241-a47db34db467', 'account_uid': '1fea70ef-7804-4108-bbae-85ff18108da8'}]",1425
Tide Water Oil,d83ee9ee-10e7-47b6-8e3d-ae989bb50978,Success,"[{'uid': '55d7875c-9f9a-4395-b28d-5409fa6e0d58', 'group_uid': 'd83ee9ee-10e7-47b6-8e3d-ae989bb50978', 'role_uid': '1544916c-0ce0-4042-a8e5-6e18042c73b7', 'account_uid': '928eafef-6206-4ef1-a9f4-bbc287734b14'}, {'uid': 'd9593351-df29-4d87-a787-7f4c1dcb7c3a', 'group_uid': 'd83ee9ee-10e7-47b6-8e3d-ae989bb50978', 'role_uid': '9e7c812c-c063-4613-9776-31f635bd1c03', 'account_uid': '928eafef-6206-4ef1-a9f4-bbc287734b14'}, {'uid': 'e9e40d69-ad13-46fd-b50f-09ecdd2d870a', 'group_uid': 'd83ee9ee-10e7-47b6-8e3d-ae989bb50978', 'role_uid': '6948d8e6-eca6-4c12-9241-a47db34db467', 'account_uid': '928eafef-6206-4ef1-a9f4-bbc287734b14'}]",1430
Think9 Consumer Technologies,8fc9d95b-0e6d-4015-9e3c-6e4fde84f41a,Success,"[{'uid': 'fd2d6ba7-0230-4a56-ad35-f5964c31948d', 'group_uid': '8fc9d95b-0e6d-4015-9e3c-6e4fde84f41a', 'role_uid': '1544916c-0ce0-4042-a8e5-6e18042c73b7', 'account_uid': '2ba9404d-d5e9-4168-aa94-25bbcd9837dd'}, {'uid': 'f96b4090-78d4-4598-9b7e-7a81da6e181c', 'group_uid': '8fc9d95b-0e6d-4015-9e3c-6e4fde84f41a', 'role_uid': '9e7c812c-c063-4613-9776-31f635bd1c03', 'account_uid': '2ba9404d-d5e9-4168-aa94-25bbcd9837dd'}, {'uid': 'd3480e82-2374-4b36-a805-be3815d37f00', 'group_uid': '8fc9d95b-0e6d-4015-9e3c-6e4fde84f41a', 'role_uid': '6948d8e6-eca6-4c12-9241-a47db34db467', 'account_uid': '2ba9404d-d5e9-4168-aa94-25bbcd9837dd'}]",1434
Travel O Stories,29f13e2c-4fae-497c-bde2-ca63aedefa01,Success,"[{'uid': 'a1d5b6a7-47c6-462e-b928-d4e8e8ab0f52', 'group_uid': '29f13e2c-4fae-497c-bde2-ca63aedefa01', 'role_uid': '1544916c-0ce0-4042-a8e5-6e18042c73b7', 'account_uid': 'fbde7396-09bb-42ac-8f9b-6ac385d1d6a2'}, {'uid': 'f0e333d5-31e7-4f46-b86f-a9a9d12ce1e6', 'group_uid': '29f13e2c-4fae-497c-bde2-ca63aedefa01', 'role_uid': '9e7c812c-c063-4613-9776-31f635bd1c03', 'account_uid': 'fbde7396-09bb-42ac-8f9b-6ac385d1d6a2'}, {'uid': '984736b3-76dd-4d6f-bea4-6b2e50a7a107', 'group_uid': '29f13e2c-4fae-497c-bde2-ca63aedefa01', 'role_uid': '6948d8e6-eca6-4c12-9241-a47db34db467', 'account_uid': 'fbde7396-09bb-42ac-8f9b-6ac385d1d6a2'}]",1439
TotalEngergies,f63b91b4-236f-4bf7-a326-71c17465f977,Success,"[{'uid': '28b98e6e-bd14-493a-b91b-587ea5e4edf8', 'group_uid': 'f63b91b4-236f-4bf7-a326-71c17465f977', 'role_uid': '1544916c-0ce0-4042-a8e5-6e18042c73b7', 'account_uid': '8b3de8ad-5a6d-4ec9-bcd2-68610b337647'}, {'uid': '21d41e41-f6a7-4f5c-a048-db272d5cbc87', 'group_uid': 'f63b91b4-236f-4bf7-a326-71c17465f977', 'role_uid': '9e7c812c-c063-4613-9776-31f635bd1c03', 'account_uid': '8b3de8ad-5a6d-4ec9-bcd2-68610b337647'}, {'uid': '959dd833-bdde-4902-a04e-8366a456e94c', 'group_uid': 'f63b91b4-236f-4bf7-a326-71c17465f977', 'role_uid': '6948d8e6-eca6-4c12-9241-a47db34db467', 'account_uid': '8b3de8ad-5a6d-4ec9-bcd2-68610b337647'}]",1444
Triumphant Institute Of Management Educa,5658a4c3-64f2-482d-994d-ab8bf93e4f92,Success,"[{'uid': 'ec5ec30d-5bb8-4e51-aaf0-3b3ffb9a2946', 'group_uid': '5658a4c3-64f2-482d-994d-ab8bf93e4f92', 'role_uid': '1544916c-0ce0-4042-a8e5-6e18042c73b7', 'account_uid': '97688995-1614-417e-b907-139a0bdd64b4'}, {'uid': '4c8ebd25-4eea-4681-afc7-ac13dbf9bf3e', 'group_uid': '5658a4c3-64f2-482d-994d-ab8bf93e4f92', 'role_uid': '9e7c812c-c063-4613-9776-31f635bd1c03', 'account_uid': '97688995-1614-417e-b907-139a0bdd64b4'}, {'uid': '69b18833-0ab3-4876-b948-a98efc805881', 'group_uid': '5658a4c3-64f2-482d-994d-ab8bf93e4f92', 'role_uid': '6948d8e6-eca6-4c12-9241-a47db34db467', 'account_uid': '97688995-1614-417e-b907-139a0bdd64b4'}]",1449
Tube Investments Of India,9a432111-b79f-434e-9188-075dde290c13,Success,"[{'uid': 'a480c553-b978-4a26-813d-49b9de8635ac', 'group_uid': '9a432111-b79f-434e-9188-075dde290c13', 'role_uid': '1544916c-0ce0-4042-a8e5-6e18042c73b7', 'account_uid': 'f962721a-886c-4fb1-bd56-b8a28b0c8a56'}, {'uid': '9c717500-86f0-45cf-bbb2-f5729548c2a9', 'group_uid': '9a432111-b79f-434e-9188-075dde290c13', 'role_uid': '9e7c812c-c063-4613-9776-31f635bd1c03', 'account_uid': 'f962721a-886c-4fb1-bd56-b8a28b0c8a56'}, {'uid': 'c3776b9f-c386-476a-b728-51629f36f393', 'group_uid': '9a432111-b79f-434e-9188-075dde290c13', 'role_uid': '6948d8e6-eca6-4c12-9241-a47db34db467', 'account_uid': 'f962721a-886c-4fb1-bd56-b8a28b0c8a56'}]",1454
TV Today Network,71c30e60-b882-4328-94d1-9299e1e53319,Success,"[{'uid': '0c6561e1-1cfd-48a1-a424-a98811cf51dd', 'group_uid': '71c30e60-b882-4328-94d1-9299e1e53319', 'role_uid': '1544916c-0ce0-4042-a8e5-6e18042c73b7', 'account_uid': '2deeb280-1e3c-4d5a-b809-baa51c84afed'}, {'uid': '4755ec04-000c-45ae-b0ad-2613abe3a700', 'group_uid': '71c30e60-b882-4328-94d1-9299e1e53319', 'role_uid': '9e7c812c-c063-4613-9776-31f635bd1c03', 'account_uid': '2deeb280-1e3c-4d5a-b809-baa51c84afed'}, {'uid': 'a9550c7f-507b-43ce-a44d-42dc1fff7e3f', 'group_uid': '71c30e60-b882-4328-94d1-9299e1e53319', 'role_uid': '6948d8e6-eca6-4c12-9241-a47db34db467', 'account_uid': '2deeb280-1e3c-4d5a-b809-baa51c84afed'}]",1461
Tictok Skill Games,3fe8c5e7-ac2a-45d9-b68c-82a33355aa49,Success,"[{'uid': '23365b6a-15e0-4525-8970-4ce00cd055ec', 'group_uid': '3fe8c5e7-ac2a-45d9-b68c-82a33355aa49', 'role_uid': '1544916c-0ce0-4042-a8e5-6e18042c73b7', 'account_uid': '149ddb40-c99d-428c-8bda-2c4fe6428445'}, {'uid': 'd3a96e4e-122a-49d2-aa64-e19a84264c4f', 'group_uid': '3fe8c5e7-ac2a-45d9-b68c-82a33355aa49', 'role_uid': '9e7c812c-c063-4613-9776-31f635bd1c03', 'account_uid': '149ddb40-c99d-428c-8bda-2c4fe6428445'}, {'uid': 'a024cf87-b98c-4b72-8501-b351c3bc1bdf', 'group_uid': '3fe8c5e7-ac2a-45d9-b68c-82a33355aa49', 'role_uid': '6948d8e6-eca6-4c12-9241-a47db34db467', 'account_uid': '149ddb40-c99d-428c-8bda-2c4fe6428445'}]",1465
TTK,bdd63cd8-74da-47cd-914c-b76bc412efd2,Success,"[{'uid': 'a7aff11d-6c1b-4fa9-b33d-0da1da7432f6', 'group_uid': 'bdd63cd8-74da-47cd-914c-b76bc412efd2', 'role_uid': '1544916c-0ce0-4042-a8e5-6e18042c73b7', 'account_uid': '7c8cfe90-f7c2-4029-aa4c-f6ee14ad9295'}, {'uid': 'a2efa73f-9d3d-4425-bfa3-7a72049eb5f7', 'group_uid': 'bdd63cd8-74da-47cd-914c-b76bc412efd2', 'role_uid': '9e7c812c-c063-4613-9776-31f635bd1c03', 'account_uid': '7c8cfe90-f7c2-4029-aa4c-f6ee14ad9295'}, {'uid': '446c0e51-9801-48a7-965c-1e0bb9675f26', 'group_uid': 'bdd63cd8-74da-47cd-914c-b76bc412efd2', 'role_uid': '6948d8e6-eca6-4c12-9241-a47db34db467', 'account_uid': '7c8cfe90-f7c2-4029-aa4c-f6ee14ad9295'}]",1470
Unibic Foods,2d789823-f43c-4a82-a25e-065292140b6d,Success,"[{'uid': '25866289-ec60-4560-a87d-13ae195a90ba', 'group_uid': '2d789823-f43c-4a82-a25e-065292140b6d', 'role_uid': '1544916c-0ce0-4042-a8e5-6e18042c73b7', 'account_uid': '674823e1-75c4-405f-8beb-9ecb37c83eca'}, {'uid': 'e3f70479-c20c-4398-893d-0f6e4d61f6c2', 'group_uid': '2d789823-f43c-4a82-a25e-065292140b6d', 'role_uid': '9e7c812c-c063-4613-9776-31f635bd1c03', 'account_uid': '674823e1-75c4-405f-8beb-9ecb37c83eca'}, {'uid': '77bca22a-24b8-449f-a9b4-d7aba5a6ca4e', 'group_uid': '2d789823-f43c-4a82-a25e-065292140b6d', 'role_uid': '6948d8e6-eca6-4c12-9241-a47db34db467', 'account_uid': '674823e1-75c4-405f-8beb-9ecb37c83eca'}]",1475
Unity Small Finance Bank,1e9794df-1e27-4d3e-b858-52d1950892bc,Success,"[{'uid': '45545673-7e19-4394-a15c-88826103d795', 'group_uid': '1e9794df-1e27-4d3e-b858-52d1950892bc', 'role_uid': '1544916c-0ce0-4042-a8e5-6e18042c73b7', 'account_uid': '2fdf78ec-6aa9-47fe-8dc2-f9af3ef905ad'}, {'uid': 'c60bc152-1ef2-4cd7-9989-41b6899d8619', 'group_uid': '1e9794df-1e27-4d3e-b858-52d1950892bc', 'role_uid': '9e7c812c-c063-4613-9776-31f635bd1c03', 'account_uid': '2fdf78ec-6aa9-47fe-8dc2-f9af3ef905ad'}, {'uid': '16edf5a1-6fa6-46a3-84a7-7ef3146f4186', 'group_uid': '1e9794df-1e27-4d3e-b858-52d1950892bc', 'role_uid': '6948d8e6-eca6-4c12-9241-a47db34db467', 'account_uid': '2fdf78ec-6aa9-47fe-8dc2-f9af3ef905ad'}]",1480
Underdog Athletics,f37b210d-84cb-4248-83db-b9c06bf7b7ba,Success,"[{'uid': 'c4b4a2a9-0ef9-43e3-a927-62b45d3dd5bc', 'group_uid': 'f37b210d-84cb-4248-83db-b9c06bf7b7ba', 'role_uid': '1544916c-0ce0-4042-a8e5-6e18042c73b7', 'account_uid': 'f574b8a7-e183-4df1-89ff-b7496b54506b'}, {'uid': '129a0981-573e-4e1a-986d-2f452c96b5c7', 'group_uid': 'f37b210d-84cb-4248-83db-b9c06bf7b7ba', 'role_uid': '9e7c812c-c063-4613-9776-31f635bd1c03', 'account_uid': 'f574b8a7-e183-4df1-89ff-b7496b54506b'}, {'uid': '79e1b1f9-4cc5-4719-b9fd-a3a1aa18bd7d', 'group_uid': 'f37b210d-84cb-4248-83db-b9c06bf7b7ba', 'role_uid': '6948d8e6-eca6-4c12-9241-a47db34db467', 'account_uid': 'f574b8a7-e183-4df1-89ff-b7496b54506b'}]",1484
Unity,22a05015-8919-4c4e-806a-e5e5090876fb,Success,"[{'uid': '4d06a8b2-2143-43d9-ace3-5314fdd8239e', 'group_uid': '22a05015-8919-4c4e-806a-e5e5090876fb', 'role_uid': '1544916c-0ce0-4042-a8e5-6e18042c73b7', 'account_uid': '5076d78e-ca64-47e2-9bd4-ac2d15a0dd37'}, {'uid': '1c74293e-797f-4346-aa8e-4c027d4ede09', 'group_uid': '22a05015-8919-4c4e-806a-e5e5090876fb', 'role_uid': '9e7c812c-c063-4613-9776-31f635bd1c03', 'account_uid': '5076d78e-ca64-47e2-9bd4-ac2d15a0dd37'}, {'uid': 'b7d448dc-b831-4df0-8b3a-473cb55d58b4', 'group_uid': '22a05015-8919-4c4e-806a-e5e5090876fb', 'role_uid': '6948d8e6-eca6-4c12-9241-a47db34db467', 'account_uid': '5076d78e-ca64-47e2-9bd4-ac2d15a0dd37'}]",1489
Utv Software Communications,8d71408a-d1c4-450d-a94f-b56f40913b7d,Success,"[{'uid': '411a25f3-ebe9-46da-a347-b8064ce03499', 'group_uid': '8d71408a-d1c4-450d-a94f-b56f40913b7d', 'role_uid': '1544916c-0ce0-4042-a8e5-6e18042c73b7', 'account_uid': 'eb2d3fc0-8077-431e-b4f7-49261d4714c0'}, {'uid': '45df644a-fc1b-48ba-a49a-c00cceacd86e', 'group_uid': '8d71408a-d1c4-450d-a94f-b56f40913b7d', 'role_uid': '9e7c812c-c063-4613-9776-31f635bd1c03', 'account_uid': 'eb2d3fc0-8077-431e-b4f7-49261d4714c0'}, {'uid': '9776b720-35e8-42ea-9d24-a086bfff4653', 'group_uid': '8d71408a-d1c4-450d-a94f-b56f40913b7d', 'role_uid': '6948d8e6-eca6-4c12-9241-a47db34db467', 'account_uid': 'eb2d3fc0-8077-431e-b4f7-49261d4714c0'}]",1494
Vadilal Enterprises,f41c3fc6-99e2-4c3f-994b-efa0a5082a3c,Success,"[{'uid': '2538d163-d52d-4d20-84cb-90a25dd9e558', 'group_uid': 'f41c3fc6-99e2-4c3f-994b-efa0a5082a3c', 'role_uid': '1544916c-0ce0-4042-a8e5-6e18042c73b7', 'account_uid': 'b3fc5626-6523-4783-ae27-88bbbb0c84c5'}, {'uid': 'fa2fc349-79a2-496c-bcc9-581b0a1f7fd6', 'group_uid': 'f41c3fc6-99e2-4c3f-994b-efa0a5082a3c', 'role_uid': '9e7c812c-c063-4613-9776-31f635bd1c03', 'account_uid': 'b3fc5626-6523-4783-ae27-88bbbb0c84c5'}, {'uid': '49ac31b0-e4b6-4a65-b2ea-05acb4cb00f4', 'group_uid': 'f41c3fc6-99e2-4c3f-994b-efa0a5082a3c', 'role_uid': '6948d8e6-eca6-4c12-9241-a47db34db467', 'account_uid': 'b3fc5626-6523-4783-ae27-88bbbb0c84c5'}]",1499
V Guard Industries,652e853c-0a45-4c42-add7-21a3f83afe05,Success,"[{'uid': '5be9b18e-105e-4508-ab38-edd96d3023ce', 'group_uid': '652e853c-0a45-4c42-add7-21a3f83afe05', 'role_uid': '1544916c-0ce0-4042-a8e5-6e18042c73b7', 'account_uid': 'ff56401d-2880-4bcd-a1c1-8936b960f58a'}, {'uid': '826125ee-d691-4462-96a2-5d0c2cfe0a90', 'group_uid': '652e853c-0a45-4c42-add7-21a3f83afe05', 'role_uid': '9e7c812c-c063-4613-9776-31f635bd1c03', 'account_uid': 'ff56401d-2880-4bcd-a1c1-8936b960f58a'}, {'uid': '55e8cddc-b196-4d6b-8430-966a4ef2e92e', 'group_uid': '652e853c-0a45-4c42-add7-21a3f83afe05', 'role_uid': '6948d8e6-eca6-4c12-9241-a47db34db467', 'account_uid': 'ff56401d-2880-4bcd-a1c1-8936b960f58a'}]",1507
Varun Beverages,2ea9de96-549c-472d-a920-39767210e724,Success,"[{'uid': '625833d5-c72b-4e42-b96a-fdba86548390', 'group_uid': '2ea9de96-549c-472d-a920-39767210e724', 'role_uid': '1544916c-0ce0-4042-a8e5-6e18042c73b7', 'account_uid': '2e133ba1-ff06-49cc-b17d-a8ebf48a4d7b'}, {'uid': '2dc0fcbe-dca5-4fa9-8fc5-4a8901b71951', 'group_uid': '2ea9de96-549c-472d-a920-39767210e724', 'role_uid': '9e7c812c-c063-4613-9776-31f635bd1c03', 'account_uid': '2e133ba1-ff06-49cc-b17d-a8ebf48a4d7b'}, {'uid': '431f6d3f-360d-44a4-b7ac-6c6a0455541e', 'group_uid': '2ea9de96-549c-472d-a920-39767210e724', 'role_uid': '6948d8e6-eca6-4c12-9241-a47db34db467', 'account_uid': '2e133ba1-ff06-49cc-b17d-a8ebf48a4d7b'}]",1511
Vardhita Properties,777b71cf-0bc4-4a96-81da-d818594276af,Success,"[{'uid': '596b816e-5da3-41ee-a6bf-e64748ae8a89', 'group_uid': '777b71cf-0bc4-4a96-81da-d818594276af', 'role_uid': '1544916c-0ce0-4042-a8e5-6e18042c73b7', 'account_uid': '937f25e2-97f9-42b7-8a15-616a0ee72db9'}, {'uid': 'fdd21db7-62ca-4c70-88bc-4d5187acdd19', 'group_uid': '777b71cf-0bc4-4a96-81da-d818594276af', 'role_uid': '9e7c812c-c063-4613-9776-31f635bd1c03', 'account_uid': '937f25e2-97f9-42b7-8a15-616a0ee72db9'}, {'uid': '486b7599-801d-4133-aa5c-8ccdad8a8133', 'group_uid': '777b71cf-0bc4-4a96-81da-d818594276af', 'role_uid': '6948d8e6-eca6-4c12-9241-a47db34db467', 'account_uid': '937f25e2-97f9-42b7-8a15-616a0ee72db9'}]",1517
Vasanth & Co,48cdce39-a99f-468d-a299-99287118615e,Success,"[{'uid': 'cbea5bfa-22ad-4e88-aee8-e6553a4c63de', 'group_uid': '48cdce39-a99f-468d-a299-99287118615e', 'role_uid': '1544916c-0ce0-4042-a8e5-6e18042c73b7', 'account_uid': '9ef06917-76c5-4a37-9a36-bee8716fb1dc'}, {'uid': '97a04d04-991a-426a-867b-e65878f1da73', 'group_uid': '48cdce39-a99f-468d-a299-99287118615e', 'role_uid': '9e7c812c-c063-4613-9776-31f635bd1c03', 'account_uid': '9ef06917-76c5-4a37-9a36-bee8716fb1dc'}, {'uid': '904f78f0-717d-4b0f-8771-b2bfcf5f9ad4', 'group_uid': '48cdce39-a99f-468d-a299-99287118615e', 'role_uid': '6948d8e6-eca6-4c12-9241-a47db34db467', 'account_uid': '9ef06917-76c5-4a37-9a36-bee8716fb1dc'}]",1521
Vedant Fashions,72d14d75-5830-48a8-b345-ea5b43c4b2e2,Success,"[{'uid': '4511c329-7c3b-4d37-b1bb-47b02b8386b7', 'group_uid': '72d14d75-5830-48a8-b345-ea5b43c4b2e2', 'role_uid': '1544916c-0ce0-4042-a8e5-6e18042c73b7', 'account_uid': '90f1c76e-8b7e-4e7c-b5dc-3cd3cb1c070a'}, {'uid': '706dfc96-6dc3-450f-90e7-bb218ce11019', 'group_uid': '72d14d75-5830-48a8-b345-ea5b43c4b2e2', 'role_uid': '9e7c812c-c063-4613-9776-31f635bd1c03', 'account_uid': '90f1c76e-8b7e-4e7c-b5dc-3cd3cb1c070a'}, {'uid': 'ebc61063-629a-4b65-a06f-564fab1fdf35', 'group_uid': '72d14d75-5830-48a8-b345-ea5b43c4b2e2', 'role_uid': '6948d8e6-eca6-4c12-9241-a47db34db467', 'account_uid': '90f1c76e-8b7e-4e7c-b5dc-3cd3cb1c070a'}]",1525
Vedantu Innovations,d1c8e3ce-c6ae-459c-a521-fe93aebcf098,Success,"[{'uid': 'd6f2508b-3815-44af-b889-e5d7f8f112c3', 'group_uid': 'd1c8e3ce-c6ae-459c-a521-fe93aebcf098', 'role_uid': '1544916c-0ce0-4042-a8e5-6e18042c73b7', 'account_uid': '0188504a-85ef-48d4-bebd-2bb5da41947e'}, {'uid': '6febea48-e183-463d-b442-073473e08022', 'group_uid': 'd1c8e3ce-c6ae-459c-a521-fe93aebcf098', 'role_uid': '9e7c812c-c063-4613-9776-31f635bd1c03', 'account_uid': '0188504a-85ef-48d4-bebd-2bb5da41947e'}, {'uid': '3932ae93-d946-4e9e-a6af-cc4489e772bc', 'group_uid': 'd1c8e3ce-c6ae-459c-a521-fe93aebcf098', 'role_uid': '6948d8e6-eca6-4c12-9241-a47db34db467', 'account_uid': '0188504a-85ef-48d4-bebd-2bb5da41947e'}]",1530
Ver Se Innovation,5e5b9ea1-e0dd-486d-b80d-0b663912f61f,Success,"[{'uid': '3269721c-2f07-410a-b18b-c27f7bacfa06', 'group_uid': '5e5b9ea1-e0dd-486d-b80d-0b663912f61f', 'role_uid': '1544916c-0ce0-4042-a8e5-6e18042c73b7', 'account_uid': '21311f90-1a82-4bad-aafe-06d84d3accbb'}, {'uid': '9651d207-509c-45f7-aa4e-04b23893467f', 'group_uid': '5e5b9ea1-e0dd-486d-b80d-0b663912f61f', 'role_uid': '9e7c812c-c063-4613-9776-31f635bd1c03', 'account_uid': '21311f90-1a82-4bad-aafe-06d84d3accbb'}, {'uid': 'd63278dc-a109-4ea4-9866-c33df584c23a', 'group_uid': '5e5b9ea1-e0dd-486d-b80d-0b663912f61f', 'role_uid': '6948d8e6-eca6-4c12-9241-a47db34db467', 'account_uid': '21311f90-1a82-4bad-aafe-06d84d3accbb'}]",1534
Veranda Learning Solutions,0fbe9afe-90a2-4f87-9d4b-b27782a28503,Success,"[{'uid': '3bef1ad6-a12e-47e8-b16a-189586c478ec', 'group_uid': '0fbe9afe-90a2-4f87-9d4b-b27782a28503', 'role_uid': '1544916c-0ce0-4042-a8e5-6e18042c73b7', 'account_uid': '4e44948e-45c9-4469-82d3-ff27152e7c94'}, {'uid': '3219997b-9d62-4339-aa81-5aaa9e814553', 'group_uid': '0fbe9afe-90a2-4f87-9d4b-b27782a28503', 'role_uid': '9e7c812c-c063-4613-9776-31f635bd1c03', 'account_uid': '4e44948e-45c9-4469-82d3-ff27152e7c94'}, {'uid': '49e79356-34a5-4ddd-aef9-017e80286242', 'group_uid': '0fbe9afe-90a2-4f87-9d4b-b27782a28503', 'role_uid': '6948d8e6-eca6-4c12-9241-a47db34db467', 'account_uid': '4e44948e-45c9-4469-82d3-ff27152e7c94'}]",1538
Viacom 18 Media,618c2d4e-4f5e-4aef-92af-62e085e7edf2,Success,"[{'uid': '49edf01c-fede-433b-8c7e-fc372c6fea93', 'group_uid': '618c2d4e-4f5e-4aef-92af-62e085e7edf2', 'role_uid': '1544916c-0ce0-4042-a8e5-6e18042c73b7', 'account_uid': 'b8416e92-fd51-4128-9dfe-63a212f7a456'}, {'uid': '997a0ed0-b334-45ca-a7c1-71d91d00bd7b', 'group_uid': '618c2d4e-4f5e-4aef-92af-62e085e7edf2', 'role_uid': '9e7c812c-c063-4613-9776-31f635bd1c03', 'account_uid': 'b8416e92-fd51-4128-9dfe-63a212f7a456'}, {'uid': 'db44c7b5-351c-4f1a-9872-6de8ff4b2456', 'group_uid': '618c2d4e-4f5e-4aef-92af-62e085e7edf2', 'role_uid': '6948d8e6-eca6-4c12-9241-a47db34db467', 'account_uid': 'b8416e92-fd51-4128-9dfe-63a212f7a456'}]",1545
Vijaya Diagnostic Centre,6dd24a37-a500-4628-8790-26d3653f9561,Success,"[{'uid': 'e0bea471-82aa-47ea-b12e-528863bc0f30', 'group_uid': '6dd24a37-a500-4628-8790-26d3653f9561', 'role_uid': '1544916c-0ce0-4042-a8e5-6e18042c73b7', 'account_uid': '9cad9325-25d7-4266-bdab-5f1e2bbc6f55'}, {'uid': '0a2e71c5-16b0-4fd8-a677-b49396b134e1', 'group_uid': '6dd24a37-a500-4628-8790-26d3653f9561', 'role_uid': '9e7c812c-c063-4613-9776-31f635bd1c03', 'account_uid': '9cad9325-25d7-4266-bdab-5f1e2bbc6f55'}, {'uid': '595e7c79-67bd-429c-b9cb-1824de83003c', 'group_uid': '6dd24a37-a500-4628-8790-26d3653f9561', 'role_uid': '6948d8e6-eca6-4c12-9241-a47db34db467', 'account_uid': '9cad9325-25d7-4266-bdab-5f1e2bbc6f55'}]",1550
Vip Industries,55a0696f-7623-4ff2-ba92-3377fb45671c,Success,"[{'uid': 'aeb896c3-6665-491e-bb0c-afb50dcd9e1c', 'group_uid': '55a0696f-7623-4ff2-ba92-3377fb45671c', 'role_uid': '1544916c-0ce0-4042-a8e5-6e18042c73b7', 'account_uid': 'fe352c02-eda5-430a-88ed-2b364df4edb0'}, {'uid': 'ea4ef26a-4337-4471-bdb8-41ac82aac6f8', 'group_uid': '55a0696f-7623-4ff2-ba92-3377fb45671c', 'role_uid': '9e7c812c-c063-4613-9776-31f635bd1c03', 'account_uid': 'fe352c02-eda5-430a-88ed-2b364df4edb0'}, {'uid': '0b17ba9a-bdf9-4230-aa81-b4b420d9cee0', 'group_uid': '55a0696f-7623-4ff2-ba92-3377fb45671c', 'role_uid': '6948d8e6-eca6-4c12-9241-a47db34db467', 'account_uid': 'fe352c02-eda5-430a-88ed-2b364df4edb0'}]",1554
Vision Rx Lab,4608fb17-90cf-4973-a2c5-2c52d63796e6,Success,"[{'uid': '32931ef0-a336-4ac6-b3ed-526e0d905ec9', 'group_uid': '4608fb17-90cf-4973-a2c5-2c52d63796e6', 'role_uid': '1544916c-0ce0-4042-a8e5-6e18042c73b7', 'account_uid': '14ac5648-f0fb-4bc6-b82a-f246c6eceecf'}, {'uid': '61235b02-963d-41bd-b8c0-daf9017acc1b', 'group_uid': '4608fb17-90cf-4973-a2c5-2c52d63796e6', 'role_uid': '9e7c812c-c063-4613-9776-31f635bd1c03', 'account_uid': '14ac5648-f0fb-4bc6-b82a-f246c6eceecf'}, {'uid': '1de00ad9-248f-4957-aa28-4a09f0617e97', 'group_uid': '4608fb17-90cf-4973-a2c5-2c52d63796e6', 'role_uid': '6948d8e6-eca6-4c12-9241-a47db34db467', 'account_uid': '14ac5648-f0fb-4bc6-b82a-f246c6eceecf'}]",1560
Wakefit Innovations,1aa76df9-54b3-4ebe-b3b7-21237e886fbb,Success,"[{'uid': '513b8d6b-33cc-424b-a492-30b2ffefc8bf', 'group_uid': '1aa76df9-54b3-4ebe-b3b7-21237e886fbb', 'role_uid': '1544916c-0ce0-4042-a8e5-6e18042c73b7', 'account_uid': 'db409102-4328-4ffd-874d-1328e8ad0a38'}, {'uid': 'e0c22be0-496e-4ac0-bb65-cc809eb368b3', 'group_uid': '1aa76df9-54b3-4ebe-b3b7-21237e886fbb', 'role_uid': '9e7c812c-c063-4613-9776-31f635bd1c03', 'account_uid': 'db409102-4328-4ffd-874d-1328e8ad0a38'}, {'uid': '763ad1d6-f15c-4610-99f5-245b43390a34', 'group_uid': '1aa76df9-54b3-4ebe-b3b7-21237e886fbb', 'role_uid': '6948d8e6-eca6-4c12-9241-a47db34db467', 'account_uid': 'db409102-4328-4ffd-874d-1328e8ad0a38'}]",1565
Wonder Cement,3f76f75d-81cc-4edc-903f-e0cef51cdbe5,Success,"[{'uid': '44a432b6-7ed5-4735-8aa6-a25005396b74', 'group_uid': '3f76f75d-81cc-4edc-903f-e0cef51cdbe5', 'role_uid': '1544916c-0ce0-4042-a8e5-6e18042c73b7', 'account_uid': 'e81840d4-971b-4e71-8904-61d09bd845e1'}, {'uid': '32d97864-e7e9-4f76-9474-05720156955d', 'group_uid': '3f76f75d-81cc-4edc-903f-e0cef51cdbe5', 'role_uid': '9e7c812c-c063-4613-9776-31f635bd1c03', 'account_uid': 'e81840d4-971b-4e71-8904-61d09bd845e1'}, {'uid': '2837dcf8-639f-44b6-b8a8-646ad88d3c3c', 'group_uid': '3f76f75d-81cc-4edc-903f-e0cef51cdbe5', 'role_uid': '6948d8e6-eca6-4c12-9241-a47db34db467', 'account_uid': 'e81840d4-971b-4e71-8904-61d09bd845e1'}]",1568
"Warnermedia, LLC",0fac87ad-53ab-4325-abb6-e432f75d2276,Success,"[{'uid': 'cbb50e12-bdc3-4a3b-966d-6fc4d3b50735', 'group_uid': '0fac87ad-53ab-4325-abb6-e432f75d2276', 'role_uid': '1544916c-0ce0-4042-a8e5-6e18042c73b7', 'account_uid': '0650f645-3cd8-45cb-bbc8-b9191228a6ed'}, {'uid': '4fd1a85a-d20a-438f-b8cb-fec1e9484ceb', 'group_uid': '0fac87ad-53ab-4325-abb6-e432f75d2276', 'role_uid': '9e7c812c-c063-4613-9776-31f635bd1c03', 'account_uid': '0650f645-3cd8-45cb-bbc8-b9191228a6ed'}, {'uid': '7e0fa62e-b1e7-47e0-b98f-e9aa5497bebc', 'group_uid': '0fac87ad-53ab-4325-abb6-e432f75d2276', 'role_uid': '6948d8e6-eca6-4c12-9241-a47db34db467', 'account_uid': '0650f645-3cd8-45cb-bbc8-b9191228a6ed'}]",1570
Walmart,9a139f8b-4d75-4804-89e3-161bc4239c29,Success,"[{'uid': '27ce3b1e-92a2-4358-b9f8-d36318425dcf', 'group_uid': '9a139f8b-4d75-4804-89e3-161bc4239c29', 'role_uid': '1544916c-0ce0-4042-a8e5-6e18042c73b7', 'account_uid': 'cf94bf56-a661-4ca2-a5a4-918a2fdedbaa'}, {'uid': 'acbbc649-29b6-4edf-bd76-1bd721feeaac', 'group_uid': '9a139f8b-4d75-4804-89e3-161bc4239c29', 'role_uid': '9e7c812c-c063-4613-9776-31f635bd1c03', 'account_uid': 'cf94bf56-a661-4ca2-a5a4-918a2fdedbaa'}, {'uid': 'ce802bf3-64ab-48da-8f61-debc07e03517', 'group_uid': '9a139f8b-4d75-4804-89e3-161bc4239c29', 'role_uid': '6948d8e6-eca6-4c12-9241-a47db34db467', 'account_uid': 'cf94bf56-a661-4ca2-a5a4-918a2fdedbaa'}]",1572
Yum Restaurants,6b3d18b8-cd76-47a6-91fb-ea1ccaecddea,Success,"[{'uid': '2d88f9dc-db4b-41d6-b9f2-1f2e07a20ba4', 'group_uid': '6b3d18b8-cd76-47a6-91fb-ea1ccaecddea', 'role_uid': '1544916c-0ce0-4042-a8e5-6e18042c73b7', 'account_uid': '83acd8bc-e24a-4d90-8c29-ce4777f6a4ce'}, {'uid': '2e024b0d-bc20-4cb1-a83d-34212fc16d9e', 'group_uid': '6b3d18b8-cd76-47a6-91fb-ea1ccaecddea', 'role_uid': '9e7c812c-c063-4613-9776-31f635bd1c03', 'account_uid': '83acd8bc-e24a-4d90-8c29-ce4777f6a4ce'}, {'uid': 'a023f6fa-f880-4d04-b551-97ae8dc61ea2', 'group_uid': '6b3d18b8-cd76-47a6-91fb-ea1ccaecddea', 'role_uid': '6948d8e6-eca6-4c12-9241-a47db34db467', 'account_uid': '83acd8bc-e24a-4d90-8c29-ce4777f6a4ce'}]",1574
Whizdm Innovations,db3bc0ee-1eea-4290-b1ca-39bc05337602,Success,"[{'uid': '7b548c83-a60c-4a37-9c8a-abfd1629d845', 'group_uid': 'db3bc0ee-1eea-4290-b1ca-39bc05337602', 'role_uid': '1544916c-0ce0-4042-a8e5-6e18042c73b7', 'account_uid': '79bf4b0a-b4f2-48be-aad7-3ea1e0647d6d'}, {'uid': '814b078f-f66b-4081-9abd-26282a0af436', 'group_uid': 'db3bc0ee-1eea-4290-b1ca-39bc05337602', 'role_uid': '9e7c812c-c063-4613-9776-31f635bd1c03', 'account_uid': '79bf4b0a-b4f2-48be-aad7-3ea1e0647d6d'}, {'uid': 'b4e2ae0b-ea30-4ed0-8f14-db6849c0b6b6', 'group_uid': 'db3bc0ee-1eea-4290-b1ca-39bc05337602', 'role_uid': '6948d8e6-eca6-4c12-9241-a47db34db467', 'account_uid': '79bf4b0a-b4f2-48be-aad7-3ea1e0647d6d'}]",1576
Zazz Technology Connect,4904e959-b4c5-4b55-98a0-079a9cd9dad1,Success,"[{'uid': '4cca9c54-caba-439f-8b71-58d05c42768d', 'group_uid': '4904e959-b4c5-4b55-98a0-079a9cd9dad1', 'role_uid': '1544916c-0ce0-4042-a8e5-6e18042c73b7', 'account_uid': 'e99c9f2e-e734-44c1-b6e1-2d945242c654'}, {'uid': 'd2eaf93b-7282-42df-9120-b7bbbb9e4494', 'group_uid': '4904e959-b4c5-4b55-98a0-079a9cd9dad1', 'role_uid': '9e7c812c-c063-4613-9776-31f635bd1c03', 'account_uid': 'e99c9f2e-e734-44c1-b6e1-2d945242c654'}, {'uid': 'c834a5fb-a99c-40d1-8721-6e863447b90c', 'group_uid': '4904e959-b4c5-4b55-98a0-079a9cd9dad1', 'role_uid': '6948d8e6-eca6-4c12-9241-a47db34db467', 'account_uid': 'e99c9f2e-e734-44c1-b6e1-2d945242c654'}]",1581
Zoho Corporation,f8045bdc-d405-4aac-940b-07f275880f48,Success,"[{'uid': '75a14690-2350-401f-84a0-fe35f70b6b99', 'group_uid': 'f8045bdc-d405-4aac-940b-07f275880f48', 'role_uid': '1544916c-0ce0-4042-a8e5-6e18042c73b7', 'account_uid': '11118a90-a706-4cae-ac49-7899c1784515'}, {'uid': '8f72c091-a683-4af1-baf6-678a7e88c868', 'group_uid': 'f8045bdc-d405-4aac-940b-07f275880f48', 'role_uid': '9e7c812c-c063-4613-9776-31f635bd1c03', 'account_uid': '11118a90-a706-4cae-ac49-7899c1784515'}, {'uid': '2d14ddc7-4066-4ae7-b329-308b96e68a83', 'group_uid': 'f8045bdc-d405-4aac-940b-07f275880f48', 'role_uid': '6948d8e6-eca6-4c12-9241-a47db34db467', 'account_uid': '11118a90-a706-4cae-ac49-7899c1784515'}]",1583
Zound Industries International,e384315b-84b2-4717-bdb2-e88cdd76cde8,Success,"[{'uid': '1d3b0ff7-19f3-4481-885b-9555eaa00312', 'group_uid': 'e384315b-84b2-4717-bdb2-e88cdd76cde8', 'role_uid': '1544916c-0ce0-4042-a8e5-6e18042c73b7', 'account_uid': '3b541886-fea8-407b-b34d-339e251f7845'}, {'uid': '4ca2467e-16fc-4905-8082-cda344bf72e1', 'group_uid': 'e384315b-84b2-4717-bdb2-e88cdd76cde8', 'role_uid': '9e7c812c-c063-4613-9776-31f635bd1c03', 'account_uid': '3b541886-fea8-407b-b34d-339e251f7845'}, {'uid': 'e8d86a18-befe-478d-8fba-0f28320e8e98', 'group_uid': 'e384315b-84b2-4717-bdb2-e88cdd76cde8', 'role_uid': '6948d8e6-eca6-4c12-9241-a47db34db467', 'account_uid': '3b541886-fea8-407b-b34d-339e251f7845'}]",1585
(unknown),,Failed,Failed: 1,1593
